-- MySQL dump 10.13  Distrib 8.0.41, for Win64 (x86_64)
--
-- Host: i12d206.p.ssafy.io    Database: starbooks
-- ------------------------------------------------------
-- Server version	8.0.33

/*!40101 SET @OLD_CHARACTER_SET_CLIENT=@@CHARACTER_SET_CLIENT */;
/*!40101 SET @OLD_CHARACTER_SET_RESULTS=@@CHARACTER_SET_RESULTS */;
/*!40101 SET @OLD_COLLATION_CONNECTION=@@COLLATION_CONNECTION */;
/*!50503 SET NAMES utf8 */;
/*!40103 SET @OLD_TIME_ZONE=@@TIME_ZONE */;
/*!40103 SET TIME_ZONE='+00:00' */;
/*!40014 SET @OLD_UNIQUE_CHECKS=@@UNIQUE_CHECKS, UNIQUE_CHECKS=0 */;
/*!40014 SET @OLD_FOREIGN_KEY_CHECKS=@@FOREIGN_KEY_CHECKS, FOREIGN_KEY_CHECKS=0 */;
/*!40101 SET @OLD_SQL_MODE=@@SQL_MODE, SQL_MODE='NO_AUTO_VALUE_ON_ZERO' */;
/*!40111 SET @OLD_SQL_NOTES=@@SQL_NOTES, SQL_NOTES=0 */;

--
-- Table structure for table `PasswordResetToken`
--

DROP TABLE IF EXISTS `PasswordResetToken`;
/*!40101 SET @saved_cs_client     = @@character_set_client */;
/*!50503 SET character_set_client = utf8mb4 */;
CREATE TABLE `PasswordResetToken` (
  `expiryDate` datetime(6) DEFAULT NULL,
  `id` bigint NOT NULL AUTO_INCREMENT,
  `user_id` bigint NOT NULL,
  `token` varchar(255) DEFAULT NULL,
  PRIMARY KEY (`id`),
  UNIQUE KEY `UKrvxqlsowkgpgscib3isbbosci` (`user_id`),
  CONSTRAINT `FKt3xh3951985ln0y0v5m85c8is` FOREIGN KEY (`user_id`) REFERENCES `user` (`user_id`)
) ENGINE=InnoDB DEFAULT CHARSET=utf8mb4 COLLATE=utf8mb4_0900_ai_ci;
/*!40101 SET character_set_client = @saved_cs_client */;

--
-- Dumping data for table `PasswordResetToken`
--

LOCK TABLES `PasswordResetToken` WRITE;
/*!40000 ALTER TABLE `PasswordResetToken` DISABLE KEYS */;
/*!40000 ALTER TABLE `PasswordResetToken` ENABLE KEYS */;
UNLOCK TABLES;

--
-- Table structure for table `constellation`
--

DROP TABLE IF EXISTS `constellation`;
/*!40101 SET @saved_cs_client     = @@character_set_client */;
/*!50503 SET character_set_client = utf8mb4 */;
CREATE TABLE `constellation` (
  `constellationId` bigint NOT NULL AUTO_INCREMENT,
  `createdAt` datetime(6) NOT NULL,
  `userId` bigint NOT NULL,
  PRIMARY KEY (`constellationId`)
) ENGINE=InnoDB AUTO_INCREMENT=6 DEFAULT CHARSET=utf8mb4 COLLATE=utf8mb4_0900_ai_ci;
/*!40101 SET character_set_client = @saved_cs_client */;

--
-- Dumping data for table `constellation`
--

LOCK TABLES `constellation` WRITE;
/*!40000 ALTER TABLE `constellation` DISABLE KEYS */;
INSERT INTO `constellation` VALUES (1,'2025-02-20 20:02:16.441653',11),(2,'2025-02-20 20:02:21.074136',11),(3,'2025-02-20 20:04:10.238233',11),(4,'2025-02-20 20:09:33.035607',11),(5,'2025-02-20 20:09:35.603887',11);
/*!40000 ALTER TABLE `constellation` ENABLE KEYS */;
UNLOCK TABLES;

--
-- Table structure for table `constellation_line`
--

DROP TABLE IF EXISTS `constellation_line`;
/*!40101 SET @saved_cs_client     = @@character_set_client */;
/*!50503 SET character_set_client = utf8mb4 */;
CREATE TABLE `constellation_line` (
  `endX` int NOT NULL,
  `endY` int NOT NULL,
  `startX` int NOT NULL,
  `startY` int NOT NULL,
  `constellation_id` bigint NOT NULL,
  `lineId` bigint NOT NULL AUTO_INCREMENT,
  PRIMARY KEY (`lineId`),
  KEY `FKd8esjpx9ajt142j0n6hta957r` (`constellation_id`),
  CONSTRAINT `FKd8esjpx9ajt142j0n6hta957r` FOREIGN KEY (`constellation_id`) REFERENCES `constellation` (`constellationId`)
) ENGINE=InnoDB AUTO_INCREMENT=77 DEFAULT CHARSET=utf8mb4 COLLATE=utf8mb4_0900_ai_ci;
/*!40101 SET character_set_client = @saved_cs_client */;

--
-- Dumping data for table `constellation_line`
--

LOCK TABLES `constellation_line` WRITE;
/*!40000 ALTER TABLE `constellation_line` DISABLE KEYS */;
INSERT INTO `constellation_line` VALUES (70,20,30,20,1,1),(30,20,20,25,1,2),(80,25,70,20,1,3),(20,35,20,25,1,4),(80,35,80,25,1,5),(75,60,25,60,1,6),(25,40,25,60,1,7),(75,40,75,60,1,8),(40,35,35,35,1,9),(65,35,60,35,1,10),(53,40,47,40,1,11),(40,75,30,75,1,12),(70,75,60,75,1,13),(85,60,75,55,1,14),(0,0,0,0,2,15),(0,0,0,0,2,16),(0,0,0,0,2,17),(0,0,0,0,2,18),(0,0,0,0,2,19),(0,0,0,0,2,20),(0,0,0,0,2,21),(0,0,0,0,2,22),(0,0,0,0,2,23),(0,0,0,0,2,24),(0,0,0,0,2,25),(0,0,0,0,2,26),(0,0,0,0,2,27),(0,0,0,0,2,28),(85,25,70,30,3,29),(90,30,85,25,3,30),(95,40,90,30,3,31),(90,50,95,40,3,32),(80,55,90,50,3,33),(20,55,80,55,3,34),(10,50,20,55,3,35),(5,40,10,50,3,36),(10,30,5,40,3,37),(70,30,10,30,3,38),(77,35,75,35,3,39),(87,35,85,35,3,40),(81,40,81,40,3,41),(84,45,78,45,3,42),(95,25,92,28,3,43),(95,28,92,28,3,44),(85,25,70,30,4,45),(90,30,85,25,4,46),(95,40,90,30,4,47),(90,50,95,40,4,48),(80,55,90,50,4,49),(20,55,80,55,4,50),(10,50,20,55,4,51),(5,40,10,50,4,52),(10,30,5,40,4,53),(70,30,10,30,4,54),(77,35,75,35,4,55),(87,35,85,35,4,56),(81,40,81,40,4,57),(84,45,78,45,4,58),(95,25,92,28,4,59),(97,30,92,32,4,60),(0,0,0,0,5,61),(0,0,0,0,5,62),(0,0,0,0,5,63),(0,0,0,0,5,64),(0,0,0,0,5,65),(0,0,0,0,5,66),(0,0,0,0,5,67),(0,0,0,0,5,68),(0,0,0,0,5,69),(0,0,0,0,5,70),(0,0,0,0,5,71),(0,0,0,0,5,72),(0,0,0,0,5,73),(0,0,0,0,5,74),(0,0,0,0,5,75),(0,0,0,0,5,76);
/*!40000 ALTER TABLE `constellation_line` ENABLE KEYS */;
UNLOCK TABLES;

--
-- Table structure for table `diary`
--

DROP TABLE IF EXISTS `diary`;
/*!40101 SET @saved_cs_client     = @@character_set_client */;
/*!50503 SET character_set_client = utf8mb4 */;
CREATE TABLE `diary` (
  `diary_date` date NOT NULL,
  `createdAt` datetime(6) DEFAULT NULL,
  `diary_id` bigint NOT NULL AUTO_INCREMENT,
  `user_id` bigint DEFAULT NULL,
  PRIMARY KEY (`diary_id`),
  KEY `FKf0xms46ulxc36096k9gg6j9ip` (`user_id`),
  CONSTRAINT `FKf0xms46ulxc36096k9gg6j9ip` FOREIGN KEY (`user_id`) REFERENCES `user` (`user_id`)
) ENGINE=InnoDB AUTO_INCREMENT=1021 DEFAULT CHARSET=utf8mb4 COLLATE=utf8mb4_0900_ai_ci;
/*!40101 SET character_set_client = @saved_cs_client */;

--
-- Dumping data for table `diary`
--

LOCK TABLES `diary` WRITE;
/*!40000 ALTER TABLE `diary` DISABLE KEYS */;
INSERT INTO `diary` VALUES ('2025-02-16','2025-02-16 00:00:00.000000',1,1),('2025-02-19','2025-02-19 00:00:00.000000',2,1),('2025-02-19','2025-02-19 00:00:00.000000',3,1),('2025-02-18','2025-02-18 00:00:00.000000',4,1),('2025-02-18','2025-02-18 00:00:00.000000',5,1),('2025-02-21','2025-02-21 00:00:00.000000',6,1),('2025-02-21','2025-02-21 00:00:00.000000',7,1),('2025-02-22','2025-02-22 00:00:00.000000',8,1),('2025-02-15','2025-02-15 00:00:00.000000',9,1),('2025-02-18','2025-02-18 00:00:00.000000',10,1),('2025-02-20','2025-02-20 00:00:00.000000',11,1),('2025-02-17','2025-02-17 00:00:00.000000',12,1),('2025-02-15','2025-02-15 00:00:00.000000',13,1),('2025-02-15','2025-02-15 00:00:00.000000',14,1),('2025-02-20','2025-02-20 00:00:00.000000',15,1),('2025-02-20','2025-02-20 00:00:00.000000',16,1),('2025-02-19','2025-02-19 00:00:00.000000',17,1),('2025-02-21','2025-02-21 00:00:00.000000',18,1),('2025-02-16','2025-02-16 00:00:00.000000',19,1),('2025-02-21','2025-02-21 00:00:00.000000',20,1),('2025-02-23','2025-02-23 00:00:00.000000',21,1),('2025-02-23','2025-02-23 00:00:00.000000',22,1),('2025-02-22','2025-02-22 00:00:00.000000',23,1),('2025-02-18','2025-02-18 00:00:00.000000',24,1),('2025-02-17','2025-02-17 00:00:00.000000',25,1),('2025-02-23','2025-02-23 00:00:00.000000',26,1),('2025-02-18','2025-02-18 00:00:00.000000',27,1),('2025-02-19','2025-02-19 00:00:00.000000',28,1),('2025-02-19','2025-02-19 00:00:00.000000',29,1),('2025-02-17','2025-02-17 00:00:00.000000',30,1),('2025-02-21','2025-02-21 00:00:00.000000',31,1),('2025-02-18','2025-02-18 00:00:00.000000',32,1),('2025-02-17','2025-02-17 00:00:00.000000',33,1),('2025-02-18','2025-02-18 00:00:00.000000',34,1),('2025-02-23','2025-02-23 00:00:00.000000',35,1),('2025-02-19','2025-02-19 00:00:00.000000',36,1),('2025-02-19','2025-02-19 00:00:00.000000',37,1),('2025-02-24','2025-02-24 00:00:00.000000',38,1),('2025-02-23','2025-02-23 00:00:00.000000',39,1),('2025-02-22','2025-02-22 00:00:00.000000',40,1),('2025-02-15','2025-02-15 00:00:00.000000',41,1),('2025-02-19','2025-02-19 00:00:00.000000',42,1),('2025-02-19','2025-02-19 00:00:00.000000',43,1),('2025-02-17','2025-02-17 00:00:00.000000',44,1),('2025-02-24','2025-02-24 00:00:00.000000',45,1),('2025-02-23','2025-02-23 00:00:00.000000',46,1),('2025-02-18','2025-02-18 00:00:00.000000',47,1),('2025-02-24','2025-02-24 00:00:00.000000',48,1),('2025-02-19','2025-02-19 00:00:00.000000',49,1),('2025-02-15','2025-02-15 00:00:00.000000',50,1),('2025-02-20','2025-02-20 00:00:00.000000',51,1),('2025-02-23','2025-02-23 00:00:00.000000',52,1),('2025-02-16','2025-02-16 00:00:00.000000',53,1),('2025-02-17','2025-02-17 00:00:00.000000',54,1),('2025-02-21','2025-02-21 00:00:00.000000',55,1),('2025-02-22','2025-02-22 00:00:00.000000',56,1),('2025-02-23','2025-02-23 00:00:00.000000',57,1),('2025-02-19','2025-02-19 00:00:00.000000',58,1),('2025-02-21','2025-02-21 00:00:00.000000',59,1),('2025-02-17','2025-02-17 00:00:00.000000',60,1),('2025-02-18','2025-02-18 00:00:00.000000',61,1),('2025-02-15','2025-02-15 00:00:00.000000',62,1),('2025-02-17','2025-02-17 00:00:00.000000',63,1),('2025-02-16','2025-02-16 00:00:00.000000',64,1),('2025-02-20','2025-02-20 00:00:00.000000',65,1),('2025-02-23','2025-02-23 00:00:00.000000',66,1),('2025-02-21','2025-02-21 00:00:00.000000',67,1),('2025-02-17','2025-02-17 00:00:00.000000',68,1),('2025-02-15','2025-02-15 00:00:00.000000',69,1),('2025-02-22','2025-02-22 00:00:00.000000',70,1),('2025-02-24','2025-02-24 00:00:00.000000',71,1),('2025-02-18','2025-02-18 00:00:00.000000',72,1),('2025-02-22','2025-02-22 00:00:00.000000',73,1),('2025-02-17','2025-02-17 00:00:00.000000',74,1),('2025-02-18','2025-02-18 00:00:00.000000',75,1),('2025-02-22','2025-02-22 00:00:00.000000',76,1),('2025-02-20','2025-02-20 00:00:00.000000',77,1),('2025-02-18','2025-02-18 00:00:00.000000',78,1),('2025-02-15','2025-02-15 00:00:00.000000',79,1),('2025-02-15','2025-02-15 00:00:00.000000',80,1),('2025-02-15','2025-02-15 00:00:00.000000',81,1),('2025-02-18','2025-02-18 00:00:00.000000',82,1),('2025-02-20','2025-02-20 00:00:00.000000',83,1),('2025-02-21','2025-02-21 00:00:00.000000',84,1),('2025-02-22','2025-02-22 00:00:00.000000',85,1),('2025-02-24','2025-02-24 00:00:00.000000',86,1),('2025-02-18','2025-02-18 00:00:00.000000',87,1),('2025-02-23','2025-02-23 00:00:00.000000',88,1),('2025-02-23','2025-02-23 00:00:00.000000',89,1),('2025-02-16','2025-02-16 00:00:00.000000',90,1),('2025-02-18','2025-02-18 00:00:00.000000',91,1),('2025-02-23','2025-02-23 00:00:00.000000',92,1),('2025-02-16','2025-02-16 00:00:00.000000',93,1),('2025-02-18','2025-02-18 00:00:00.000000',94,1),('2025-02-24','2025-02-24 00:00:00.000000',95,1),('2025-02-23','2025-02-23 00:00:00.000000',96,1),('2025-02-24','2025-02-24 00:00:00.000000',97,1),('2025-02-17','2025-02-17 00:00:00.000000',98,1),('2025-02-18','2025-02-18 00:00:00.000000',99,1),('2025-02-18','2025-02-18 00:00:00.000000',100,1),('2025-02-21','2025-02-21 00:00:00.000000',101,1),('2025-02-23','2025-02-23 00:00:00.000000',102,1),('2025-02-17','2025-02-17 00:00:00.000000',103,1),('2025-02-24','2025-02-24 00:00:00.000000',104,1),('2025-02-22','2025-02-22 00:00:00.000000',105,1),('2025-02-19','2025-02-19 00:00:00.000000',106,1),('2025-02-23','2025-02-23 00:00:00.000000',107,1),('2025-02-18','2025-02-18 00:00:00.000000',108,1),('2025-02-23','2025-02-23 00:00:00.000000',109,1),('2025-02-22','2025-02-22 00:00:00.000000',110,1),('2025-02-16','2025-02-16 00:00:00.000000',111,1),('2025-02-22','2025-02-22 00:00:00.000000',112,1),('2025-02-15','2025-02-15 00:00:00.000000',113,1),('2025-02-23','2025-02-23 00:00:00.000000',114,1),('2025-02-19','2025-02-19 00:00:00.000000',115,1),('2025-02-21','2025-02-21 00:00:00.000000',116,1),('2025-02-23','2025-02-23 00:00:00.000000',117,1),('2025-02-22','2025-02-22 00:00:00.000000',118,1),('2025-02-22','2025-02-22 00:00:00.000000',119,1),('2025-02-16','2025-02-16 00:00:00.000000',120,1),('2025-02-18','2025-02-18 00:00:00.000000',121,1),('2025-02-18','2025-02-18 00:00:00.000000',122,1),('2025-02-18','2025-02-18 00:00:00.000000',123,1),('2025-02-23','2025-02-23 00:00:00.000000',124,1),('2025-02-18','2025-02-18 00:00:00.000000',125,1),('2025-02-21','2025-02-21 00:00:00.000000',126,1),('2025-02-19','2025-02-19 00:00:00.000000',127,1),('2025-02-21','2025-02-21 00:00:00.000000',128,1),('2025-02-17','2025-02-17 00:00:00.000000',129,1),('2025-02-15','2025-02-15 00:00:00.000000',130,1),('2025-02-21','2025-02-21 00:00:00.000000',131,1),('2025-02-17','2025-02-17 00:00:00.000000',132,1),('2025-02-19','2025-02-19 00:00:00.000000',133,1),('2025-02-24','2025-02-24 00:00:00.000000',134,1),('2025-02-20','2025-02-20 00:00:00.000000',135,1),('2025-02-20','2025-02-20 00:00:00.000000',136,1),('2025-02-18','2025-02-18 00:00:00.000000',137,1),('2025-02-15','2025-02-15 00:00:00.000000',138,1),('2025-02-19','2025-02-19 00:00:00.000000',139,1),('2025-02-22','2025-02-22 00:00:00.000000',140,1),('2025-02-21','2025-02-21 00:00:00.000000',141,1),('2025-02-17','2025-02-17 00:00:00.000000',142,1),('2025-02-16','2025-02-16 00:00:00.000000',143,1),('2025-02-15','2025-02-15 00:00:00.000000',144,1),('2025-02-21','2025-02-21 00:00:00.000000',145,1),('2025-02-17','2025-02-17 00:00:00.000000',146,1),('2025-02-17','2025-02-17 00:00:00.000000',147,1),('2025-02-22','2025-02-22 00:00:00.000000',148,1),('2025-02-19','2025-02-19 00:00:00.000000',149,1),('2025-02-22','2025-02-22 00:00:00.000000',150,1),('2025-02-15','2025-02-15 00:00:00.000000',151,1),('2025-02-15','2025-02-15 00:00:00.000000',152,1),('2025-02-24','2025-02-24 00:00:00.000000',153,1),('2025-02-16','2025-02-16 00:00:00.000000',154,1),('2025-02-16','2025-02-16 00:00:00.000000',155,1),('2025-02-22','2025-02-22 00:00:00.000000',156,1),('2025-02-19','2025-02-19 00:00:00.000000',157,1),('2025-02-20','2025-02-20 00:00:00.000000',158,1),('2025-02-24','2025-02-24 00:00:00.000000',159,1),('2025-02-17','2025-02-17 00:00:00.000000',160,1),('2025-02-17','2025-02-17 00:00:00.000000',161,1),('2025-02-24','2025-02-24 00:00:00.000000',162,1),('2025-02-15','2025-02-15 00:00:00.000000',163,1),('2025-02-24','2025-02-24 00:00:00.000000',164,1),('2025-02-19','2025-02-19 00:00:00.000000',165,1),('2025-02-24','2025-02-24 00:00:00.000000',166,1),('2025-02-24','2025-02-24 00:00:00.000000',167,1),('2025-02-15','2025-02-15 00:00:00.000000',168,1),('2025-02-24','2025-02-24 00:00:00.000000',169,1),('2025-02-21','2025-02-21 00:00:00.000000',170,1),('2025-02-19','2025-02-19 00:00:00.000000',171,1),('2025-02-17','2025-02-17 00:00:00.000000',172,1),('2025-02-23','2025-02-23 00:00:00.000000',173,1),('2025-02-17','2025-02-17 00:00:00.000000',174,1),('2025-02-24','2025-02-24 00:00:00.000000',175,1),('2025-02-20','2025-02-20 00:00:00.000000',176,1),('2025-02-20','2025-02-20 00:00:00.000000',177,1),('2025-02-22','2025-02-22 00:00:00.000000',178,1),('2025-02-17','2025-02-17 00:00:00.000000',179,1),('2025-02-22','2025-02-22 00:00:00.000000',180,1),('2025-02-19','2025-02-19 00:00:00.000000',181,1),('2025-02-17','2025-02-17 00:00:00.000000',182,1),('2025-02-16','2025-02-16 00:00:00.000000',183,1),('2025-02-15','2025-02-15 00:00:00.000000',184,1),('2025-02-22','2025-02-22 00:00:00.000000',185,1),('2025-02-18','2025-02-18 00:00:00.000000',186,1),('2025-02-18','2025-02-18 00:00:00.000000',187,1),('2025-02-19','2025-02-19 00:00:00.000000',188,1),('2025-02-16','2025-02-16 00:00:00.000000',189,1),('2025-02-19','2025-02-19 00:00:00.000000',190,1),('2025-02-24','2025-02-24 00:00:00.000000',191,1),('2025-02-19','2025-02-19 00:00:00.000000',192,1),('2025-02-20','2025-02-20 00:00:00.000000',193,1),('2025-02-18','2025-02-18 00:00:00.000000',194,1),('2025-02-20','2025-02-20 00:00:00.000000',195,1),('2025-02-20','2025-02-20 00:00:00.000000',196,1),('2025-02-18','2025-02-18 00:00:00.000000',197,1),('2025-02-23','2025-02-23 00:00:00.000000',198,1),('2025-02-17','2025-02-17 00:00:00.000000',199,1),('2025-02-19','2025-02-19 00:00:00.000000',200,1),('2025-02-23','2025-02-23 00:00:00.000000',201,1),('2025-02-17','2025-02-17 00:00:00.000000',202,1),('2025-02-17','2025-02-17 00:00:00.000000',203,1),('2025-02-23','2025-02-23 00:00:00.000000',204,1),('2025-02-21','2025-02-21 00:00:00.000000',205,1),('2025-02-21','2025-02-21 00:00:00.000000',206,1),('2025-02-19','2025-02-19 00:00:00.000000',207,1),('2025-02-23','2025-02-23 00:00:00.000000',208,1),('2025-02-18','2025-02-18 00:00:00.000000',209,1),('2025-02-15','2025-02-15 00:00:00.000000',210,1),('2025-02-17','2025-02-17 00:00:00.000000',211,1),('2025-02-16','2025-02-16 00:00:00.000000',212,1),('2025-02-18','2025-02-18 00:00:00.000000',213,1),('2025-02-24','2025-02-24 00:00:00.000000',214,1),('2025-02-21','2025-02-21 00:00:00.000000',215,1),('2025-02-16','2025-02-16 00:00:00.000000',216,1),('2025-02-24','2025-02-24 00:00:00.000000',217,1),('2025-02-20','2025-02-20 00:00:00.000000',218,1),('2025-02-20','2025-02-20 00:00:00.000000',219,1),('2025-02-20','2025-02-20 00:00:00.000000',220,1),('2025-02-16','2025-02-16 00:00:00.000000',221,1),('2025-02-21','2025-02-21 00:00:00.000000',222,1),('2025-02-15','2025-02-15 00:00:00.000000',223,1),('2025-02-20','2025-02-20 00:00:00.000000',224,1),('2025-02-22','2025-02-22 00:00:00.000000',225,1),('2025-02-16','2025-02-16 00:00:00.000000',226,1),('2025-02-19','2025-02-19 00:00:00.000000',227,1),('2025-02-17','2025-02-17 00:00:00.000000',228,1),('2025-02-21','2025-02-21 00:00:00.000000',229,1),('2025-02-24','2025-02-24 00:00:00.000000',230,1),('2025-02-22','2025-02-22 00:00:00.000000',231,1),('2025-02-22','2025-02-22 00:00:00.000000',232,1),('2025-02-18','2025-02-18 00:00:00.000000',233,1),('2025-02-15','2025-02-15 00:00:00.000000',234,1),('2025-02-22','2025-02-22 00:00:00.000000',235,1),('2025-02-21','2025-02-21 00:00:00.000000',236,1),('2025-02-16','2025-02-16 00:00:00.000000',237,1),('2025-02-21','2025-02-21 00:00:00.000000',238,1),('2025-02-15','2025-02-15 00:00:00.000000',239,1),('2025-02-22','2025-02-22 00:00:00.000000',240,1),('2025-02-19','2025-02-19 00:00:00.000000',241,1),('2025-02-19','2025-02-19 00:00:00.000000',242,1),('2025-02-15','2025-02-15 00:00:00.000000',243,1),('2025-02-21','2025-02-21 00:00:00.000000',244,1),('2025-02-19','2025-02-19 00:00:00.000000',245,1),('2025-02-20','2025-02-20 00:00:00.000000',246,1),('2025-02-22','2025-02-22 00:00:00.000000',247,1),('2025-02-23','2025-02-23 00:00:00.000000',248,1),('2025-02-20','2025-02-20 00:00:00.000000',249,1),('2025-02-17','2025-02-17 00:00:00.000000',250,1),('2025-02-20','2025-02-20 00:00:00.000000',251,1),('2025-02-18','2025-02-18 00:00:00.000000',252,1),('2025-02-18','2025-02-18 00:00:00.000000',253,1),('2025-02-17','2025-02-17 00:00:00.000000',254,1),('2025-02-17','2025-02-17 00:00:00.000000',255,1),('2025-02-24','2025-02-24 00:00:00.000000',256,1),('2025-02-20','2025-02-20 00:00:00.000000',257,1),('2025-02-18','2025-02-18 00:00:00.000000',258,1),('2025-02-19','2025-02-19 00:00:00.000000',259,1),('2025-02-21','2025-02-21 00:00:00.000000',260,1),('2025-02-24','2025-02-24 00:00:00.000000',261,1),('2025-02-24','2025-02-24 00:00:00.000000',262,1),('2025-02-21','2025-02-21 00:00:00.000000',263,1),('2025-02-20','2025-02-20 00:00:00.000000',264,1),('2025-02-19','2025-02-19 00:00:00.000000',265,1),('2025-02-22','2025-02-22 00:00:00.000000',266,1),('2025-02-21','2025-02-21 00:00:00.000000',267,1),('2025-02-24','2025-02-24 00:00:00.000000',268,1),('2025-02-16','2025-02-16 00:00:00.000000',269,1),('2025-02-16','2025-02-16 00:00:00.000000',270,1),('2025-02-20','2025-02-20 00:00:00.000000',271,1),('2025-02-24','2025-02-24 00:00:00.000000',272,1),('2025-02-21','2025-02-21 00:00:00.000000',273,1),('2025-02-21','2025-02-21 00:00:00.000000',274,1),('2025-02-19','2025-02-19 00:00:00.000000',275,1),('2025-02-23','2025-02-23 00:00:00.000000',276,1),('2025-02-23','2025-02-23 00:00:00.000000',277,1),('2025-02-20','2025-02-20 00:00:00.000000',278,1),('2025-02-19','2025-02-19 00:00:00.000000',279,1),('2025-02-21','2025-02-21 00:00:00.000000',280,1),('2025-02-20','2025-02-20 00:00:00.000000',281,1),('2025-02-18','2025-02-18 00:00:00.000000',282,1),('2025-02-22','2025-02-22 00:00:00.000000',283,1),('2025-02-21','2025-02-21 00:00:00.000000',284,1),('2025-02-20','2025-02-20 00:00:00.000000',285,1),('2025-02-20','2025-02-20 00:00:00.000000',286,1),('2025-02-20','2025-02-20 00:00:00.000000',287,1),('2025-02-22','2025-02-22 00:00:00.000000',288,1),('2025-02-20','2025-02-20 00:00:00.000000',289,1),('2025-02-16','2025-02-16 00:00:00.000000',290,1),('2025-02-16','2025-02-16 00:00:00.000000',291,1),('2025-02-15','2025-02-15 00:00:00.000000',292,1),('2025-02-22','2025-02-22 00:00:00.000000',293,1),('2025-02-16','2025-02-16 00:00:00.000000',294,1),('2025-02-23','2025-02-23 00:00:00.000000',295,1),('2025-02-18','2025-02-18 00:00:00.000000',296,1),('2025-02-16','2025-02-16 00:00:00.000000',297,1),('2025-02-24','2025-02-24 00:00:00.000000',298,1),('2025-02-19','2025-02-19 00:00:00.000000',299,1),('2025-02-19','2025-02-19 00:00:00.000000',300,1),('2025-02-19','2025-02-19 00:00:00.000000',301,1),('2025-02-20','2025-02-20 00:00:00.000000',302,1),('2025-02-15','2025-02-15 00:00:00.000000',303,1),('2025-02-24','2025-02-24 00:00:00.000000',304,1),('2025-02-24','2025-02-24 00:00:00.000000',305,1),('2025-02-20','2025-02-20 00:00:00.000000',306,1),('2025-02-21','2025-02-21 00:00:00.000000',307,1),('2025-02-19','2025-02-19 00:00:00.000000',308,1),('2025-02-18','2025-02-18 00:00:00.000000',309,1),('2025-02-15','2025-02-15 00:00:00.000000',310,1),('2025-02-20','2025-02-20 00:00:00.000000',311,1),('2025-02-15','2025-02-15 00:00:00.000000',312,1),('2025-02-24','2025-02-24 00:00:00.000000',313,1),('2025-02-18','2025-02-18 00:00:00.000000',314,1),('2025-02-16','2025-02-16 00:00:00.000000',315,1),('2025-02-23','2025-02-23 00:00:00.000000',316,1),('2025-02-22','2025-02-22 00:00:00.000000',317,1),('2025-02-23','2025-02-23 00:00:00.000000',318,1),('2025-02-16','2025-02-16 00:00:00.000000',319,1),('2025-02-24','2025-02-24 00:00:00.000000',320,1),('2025-02-15','2025-02-15 00:00:00.000000',321,1),('2025-02-19','2025-02-19 00:00:00.000000',322,1),('2025-02-17','2025-02-17 00:00:00.000000',323,1),('2025-02-23','2025-02-23 00:00:00.000000',324,1),('2025-02-20','2025-02-20 00:00:00.000000',325,1),('2025-02-20','2025-02-20 00:00:00.000000',326,1),('2025-02-19','2025-02-19 00:00:00.000000',327,1),('2025-02-20','2025-02-20 00:00:00.000000',328,1),('2025-02-19','2025-02-19 00:00:00.000000',329,1),('2025-02-21','2025-02-21 00:00:00.000000',330,1),('2025-02-18','2025-02-18 00:00:00.000000',331,1),('2025-02-19','2025-02-19 00:00:00.000000',332,1),('2025-02-22','2025-02-22 00:00:00.000000',333,1),('2025-02-23','2025-02-23 00:00:00.000000',334,1),('2025-02-15','2025-02-15 00:00:00.000000',335,1),('2025-02-17','2025-02-17 00:00:00.000000',336,1),('2025-02-21','2025-02-21 00:00:00.000000',337,1),('2025-02-15','2025-02-15 00:00:00.000000',338,1),('2025-02-19','2025-02-19 00:00:00.000000',339,1),('2025-02-22','2025-02-22 00:00:00.000000',340,1),('2025-02-17','2025-02-17 00:00:00.000000',341,1),('2025-02-18','2025-02-18 00:00:00.000000',342,1),('2025-02-23','2025-02-23 00:00:00.000000',343,1),('2025-02-20','2025-02-20 00:00:00.000000',344,1),('2025-02-17','2025-02-17 00:00:00.000000',345,1),('2025-02-15','2025-02-15 00:00:00.000000',346,1),('2025-02-15','2025-02-15 00:00:00.000000',347,1),('2025-02-21','2025-02-21 00:00:00.000000',348,1),('2025-02-16','2025-02-16 00:00:00.000000',349,1),('2025-02-21','2025-02-21 00:00:00.000000',350,1),('2025-02-15','2025-02-15 00:00:00.000000',351,1),('2025-02-15','2025-02-15 00:00:00.000000',352,1),('2025-02-20','2025-02-20 00:00:00.000000',353,1),('2025-02-15','2025-02-15 00:00:00.000000',354,1),('2025-02-19','2025-02-19 00:00:00.000000',355,1),('2025-02-21','2025-02-21 00:00:00.000000',356,1),('2025-02-19','2025-02-19 00:00:00.000000',357,1),('2025-02-20','2025-02-20 00:00:00.000000',358,1),('2025-02-20','2025-02-20 00:00:00.000000',359,1),('2025-02-24','2025-02-24 00:00:00.000000',360,1),('2025-02-17','2025-02-17 00:00:00.000000',361,1),('2025-02-15','2025-02-15 00:00:00.000000',362,1),('2025-02-20','2025-02-20 00:00:00.000000',363,1),('2025-02-22','2025-02-22 00:00:00.000000',364,1),('2025-02-20','2025-02-20 00:00:00.000000',365,1),('2025-02-18','2025-02-18 00:00:00.000000',366,1),('2025-02-17','2025-02-17 00:00:00.000000',367,1),('2025-02-20','2025-02-20 00:00:00.000000',368,1),('2025-02-22','2025-02-22 00:00:00.000000',369,1),('2025-02-19','2025-02-19 00:00:00.000000',370,1),('2025-02-23','2025-02-23 00:00:00.000000',371,1),('2025-02-22','2025-02-22 00:00:00.000000',372,1),('2025-02-24','2025-02-24 00:00:00.000000',373,1),('2025-02-23','2025-02-23 00:00:00.000000',374,1),('2025-02-20','2025-02-20 00:00:00.000000',375,1),('2025-02-21','2025-02-21 00:00:00.000000',376,1),('2025-02-24','2025-02-24 00:00:00.000000',377,1),('2025-02-21','2025-02-21 00:00:00.000000',378,1),('2025-02-19','2025-02-19 00:00:00.000000',379,1),('2025-02-22','2025-02-22 00:00:00.000000',380,1),('2025-02-19','2025-02-19 00:00:00.000000',381,1),('2025-02-19','2025-02-19 00:00:00.000000',382,1),('2025-02-15','2025-02-15 00:00:00.000000',383,1),('2025-02-22','2025-02-22 00:00:00.000000',384,1),('2025-02-18','2025-02-18 00:00:00.000000',385,1),('2025-02-18','2025-02-18 00:00:00.000000',386,1),('2025-02-16','2025-02-16 00:00:00.000000',387,1),('2025-02-21','2025-02-21 00:00:00.000000',388,1),('2025-02-23','2025-02-23 00:00:00.000000',389,1),('2025-02-20','2025-02-20 00:00:00.000000',390,1),('2025-02-18','2025-02-18 00:00:00.000000',391,1),('2025-02-15','2025-02-15 00:00:00.000000',392,1),('2025-02-20','2025-02-20 00:00:00.000000',393,1),('2025-02-24','2025-02-24 00:00:00.000000',394,1),('2025-02-24','2025-02-24 00:00:00.000000',395,1),('2025-02-17','2025-02-17 00:00:00.000000',396,1),('2025-02-24','2025-02-24 00:00:00.000000',397,1),('2025-02-20','2025-02-20 00:00:00.000000',398,1),('2025-02-16','2025-02-16 00:00:00.000000',399,1),('2025-02-21','2025-02-21 00:00:00.000000',400,1),('2025-02-22','2025-02-22 00:00:00.000000',401,1),('2025-02-19','2025-02-19 00:00:00.000000',402,1),('2025-02-16','2025-02-16 00:00:00.000000',403,1),('2025-02-23','2025-02-23 00:00:00.000000',404,1),('2025-02-15','2025-02-15 00:00:00.000000',405,1),('2025-02-22','2025-02-22 00:00:00.000000',406,1),('2025-02-20','2025-02-20 00:00:00.000000',407,1),('2025-02-15','2025-02-15 00:00:00.000000',408,1),('2025-02-24','2025-02-24 00:00:00.000000',409,1),('2025-02-20','2025-02-20 00:00:00.000000',410,1),('2025-02-15','2025-02-15 00:00:00.000000',411,1),('2025-02-17','2025-02-17 00:00:00.000000',412,1),('2025-02-18','2025-02-18 00:00:00.000000',413,1),('2025-02-24','2025-02-24 00:00:00.000000',414,1),('2025-02-18','2025-02-18 00:00:00.000000',415,1),('2025-02-21','2025-02-21 00:00:00.000000',416,1),('2025-02-23','2025-02-23 00:00:00.000000',417,1),('2025-02-21','2025-02-21 00:00:00.000000',418,1),('2025-02-21','2025-02-21 00:00:00.000000',419,1),('2025-02-17','2025-02-17 00:00:00.000000',420,1),('2025-02-19','2025-02-19 00:00:00.000000',421,1),('2025-02-17','2025-02-17 00:00:00.000000',422,1),('2025-02-17','2025-02-17 00:00:00.000000',423,1),('2025-02-17','2025-02-17 00:00:00.000000',424,1),('2025-02-20','2025-02-20 00:00:00.000000',425,1),('2025-02-21','2025-02-21 00:00:00.000000',426,1),('2025-02-23','2025-02-23 00:00:00.000000',427,1),('2025-02-21','2025-02-21 00:00:00.000000',428,1),('2025-02-23','2025-02-23 00:00:00.000000',429,1),('2025-02-16','2025-02-16 00:00:00.000000',430,1),('2025-02-24','2025-02-24 00:00:00.000000',431,1),('2025-02-24','2025-02-24 00:00:00.000000',432,1),('2025-02-16','2025-02-16 00:00:00.000000',433,1),('2025-02-22','2025-02-22 00:00:00.000000',434,1),('2025-02-21','2025-02-21 00:00:00.000000',435,1),('2025-02-15','2025-02-15 00:00:00.000000',436,1),('2025-02-21','2025-02-21 00:00:00.000000',437,1),('2025-02-21','2025-02-21 00:00:00.000000',438,1),('2025-02-20','2025-02-20 00:00:00.000000',439,1),('2025-02-18','2025-02-18 00:00:00.000000',440,1),('2025-02-23','2025-02-23 00:00:00.000000',441,1),('2025-02-16','2025-02-16 00:00:00.000000',442,1),('2025-02-22','2025-02-22 00:00:00.000000',443,1),('2025-02-17','2025-02-17 00:00:00.000000',444,1),('2025-02-17','2025-02-17 00:00:00.000000',445,1),('2025-02-23','2025-02-23 00:00:00.000000',446,1),('2025-02-19','2025-02-19 00:00:00.000000',447,1),('2025-02-20','2025-02-20 00:00:00.000000',448,1),('2025-02-22','2025-02-22 00:00:00.000000',449,1),('2025-02-19','2025-02-19 00:00:00.000000',450,1),('2025-02-18','2025-02-18 00:00:00.000000',451,1),('2025-02-22','2025-02-22 00:00:00.000000',452,1),('2025-02-17','2025-02-17 00:00:00.000000',453,1),('2025-02-18','2025-02-18 00:00:00.000000',454,1),('2025-02-23','2025-02-23 00:00:00.000000',455,1),('2025-02-21','2025-02-21 00:00:00.000000',456,1),('2025-02-20','2025-02-20 00:00:00.000000',457,1),('2025-02-23','2025-02-23 00:00:00.000000',458,1),('2025-02-21','2025-02-21 00:00:00.000000',459,1),('2025-02-23','2025-02-23 00:00:00.000000',460,1),('2025-02-24','2025-02-24 00:00:00.000000',461,1),('2025-02-16','2025-02-16 00:00:00.000000',462,1),('2025-02-19','2025-02-19 00:00:00.000000',463,1),('2025-02-21','2025-02-21 00:00:00.000000',464,1),('2025-02-15','2025-02-15 00:00:00.000000',465,1),('2025-02-23','2025-02-23 00:00:00.000000',466,1),('2025-02-15','2025-02-15 00:00:00.000000',467,1),('2025-02-19','2025-02-19 00:00:00.000000',468,1),('2025-02-21','2025-02-21 00:00:00.000000',469,1),('2025-02-21','2025-02-21 00:00:00.000000',470,1),('2025-02-23','2025-02-23 00:00:00.000000',471,1),('2025-02-17','2025-02-17 00:00:00.000000',472,1),('2025-02-16','2025-02-16 00:00:00.000000',473,1),('2025-02-22','2025-02-22 00:00:00.000000',474,1),('2025-02-18','2025-02-18 00:00:00.000000',475,1),('2025-02-17','2025-02-17 00:00:00.000000',476,1),('2025-02-23','2025-02-23 00:00:00.000000',477,1),('2025-02-24','2025-02-24 00:00:00.000000',478,1),('2025-02-24','2025-02-24 00:00:00.000000',479,1),('2025-02-20','2025-02-20 00:00:00.000000',480,1),('2025-02-21','2025-02-21 00:00:00.000000',481,1),('2025-02-23','2025-02-23 00:00:00.000000',482,1),('2025-02-16','2025-02-16 00:00:00.000000',483,1),('2025-02-16','2025-02-16 00:00:00.000000',484,1),('2025-02-24','2025-02-24 00:00:00.000000',485,1),('2025-02-16','2025-02-16 00:00:00.000000',486,1),('2025-02-18','2025-02-18 00:00:00.000000',487,1),('2025-02-19','2025-02-19 00:00:00.000000',488,1),('2025-02-20','2025-02-20 00:00:00.000000',489,1),('2025-02-19','2025-02-19 00:00:00.000000',490,1),('2025-02-17','2025-02-17 00:00:00.000000',491,1),('2025-02-18','2025-02-18 00:00:00.000000',492,1),('2025-02-20','2025-02-20 00:00:00.000000',493,1),('2025-02-24','2025-02-24 00:00:00.000000',494,1),('2025-02-22','2025-02-22 00:00:00.000000',495,1),('2025-02-20','2025-02-20 00:00:00.000000',496,1),('2025-02-23','2025-02-23 00:00:00.000000',497,1),('2025-02-21','2025-02-21 00:00:00.000000',498,1),('2025-02-22','2025-02-22 00:00:00.000000',499,1),('2025-02-19','2025-02-19 00:00:00.000000',500,1),('2025-02-17','2025-02-17 00:00:00.000000',501,1),('2025-02-18','2025-02-18 00:00:00.000000',502,1),('2025-02-18','2025-02-18 00:00:00.000000',503,1),('2025-02-22','2025-02-22 00:00:00.000000',504,1),('2025-02-20','2025-02-20 00:00:00.000000',505,1),('2025-02-23','2025-02-23 00:00:00.000000',506,1),('2025-02-23','2025-02-23 00:00:00.000000',507,1),('2025-02-16','2025-02-16 00:00:00.000000',508,1),('2025-02-24','2025-02-24 00:00:00.000000',509,1),('2025-02-16','2025-02-16 00:00:00.000000',510,1),('2025-02-17','2025-02-17 00:00:00.000000',511,1),('2025-02-18','2025-02-18 00:00:00.000000',512,1),('2025-02-22','2025-02-22 00:00:00.000000',513,1),('2025-02-24','2025-02-24 00:00:00.000000',514,1),('2025-02-22','2025-02-22 00:00:00.000000',515,1),('2025-02-23','2025-02-23 00:00:00.000000',516,1),('2025-02-17','2025-02-17 00:00:00.000000',517,1),('2025-02-24','2025-02-24 00:00:00.000000',518,1),('2025-02-23','2025-02-23 00:00:00.000000',519,1),('2025-02-22','2025-02-22 00:00:00.000000',520,1),('2025-02-17','2025-02-17 00:00:00.000000',521,1),('2025-02-23','2025-02-23 00:00:00.000000',522,1),('2025-02-17','2025-02-17 00:00:00.000000',523,1),('2025-02-15','2025-02-15 00:00:00.000000',524,1),('2025-02-22','2025-02-22 00:00:00.000000',525,1),('2025-02-22','2025-02-22 00:00:00.000000',526,1),('2025-02-22','2025-02-22 00:00:00.000000',527,1),('2025-02-23','2025-02-23 00:00:00.000000',528,1),('2025-02-17','2025-02-17 00:00:00.000000',529,1),('2025-02-22','2025-02-22 00:00:00.000000',530,1),('2025-02-15','2025-02-15 00:00:00.000000',531,1),('2025-02-22','2025-02-22 00:00:00.000000',532,1),('2025-02-24','2025-02-24 00:00:00.000000',533,1),('2025-02-24','2025-02-24 00:00:00.000000',534,1),('2025-02-22','2025-02-22 00:00:00.000000',535,1),('2025-02-21','2025-02-21 00:00:00.000000',536,1),('2025-02-15','2025-02-15 00:00:00.000000',537,1),('2025-02-18','2025-02-18 00:00:00.000000',538,1),('2025-02-22','2025-02-22 00:00:00.000000',539,1),('2025-02-19','2025-02-19 00:00:00.000000',540,1),('2025-02-23','2025-02-23 00:00:00.000000',541,1),('2025-02-16','2025-02-16 00:00:00.000000',542,1),('2025-02-17','2025-02-17 00:00:00.000000',543,1),('2025-02-20','2025-02-20 00:00:00.000000',544,1),('2025-02-19','2025-02-19 00:00:00.000000',545,1),('2025-02-18','2025-02-18 00:00:00.000000',546,1),('2025-02-23','2025-02-23 00:00:00.000000',547,1),('2025-02-22','2025-02-22 00:00:00.000000',548,1),('2025-02-23','2025-02-23 00:00:00.000000',549,1),('2025-02-22','2025-02-22 00:00:00.000000',550,1),('2025-02-19','2025-02-19 00:00:00.000000',551,1),('2025-02-20','2025-02-20 00:00:00.000000',552,1),('2025-02-17','2025-02-17 00:00:00.000000',553,1),('2025-02-15','2025-02-15 00:00:00.000000',554,1),('2025-02-18','2025-02-18 00:00:00.000000',555,1),('2025-02-22','2025-02-22 00:00:00.000000',556,1),('2025-02-24','2025-02-24 00:00:00.000000',557,1),('2025-02-18','2025-02-18 00:00:00.000000',558,1),('2025-02-22','2025-02-22 00:00:00.000000',559,1),('2025-02-15','2025-02-15 00:00:00.000000',560,1),('2025-02-18','2025-02-18 00:00:00.000000',561,1),('2025-02-16','2025-02-16 00:00:00.000000',562,1),('2025-02-15','2025-02-15 00:00:00.000000',563,1),('2025-02-22','2025-02-22 00:00:00.000000',564,1),('2025-02-20','2025-02-20 00:00:00.000000',565,1),('2025-02-22','2025-02-22 00:00:00.000000',566,1),('2025-02-22','2025-02-22 00:00:00.000000',567,1),('2025-02-18','2025-02-18 00:00:00.000000',568,1),('2025-02-16','2025-02-16 00:00:00.000000',569,1),('2025-02-21','2025-02-21 00:00:00.000000',570,1),('2025-02-22','2025-02-22 00:00:00.000000',571,1),('2025-02-18','2025-02-18 00:00:00.000000',572,1),('2025-02-16','2025-02-16 00:00:00.000000',573,1),('2025-02-15','2025-02-15 00:00:00.000000',574,1),('2025-02-23','2025-02-23 00:00:00.000000',575,1),('2025-02-19','2025-02-19 00:00:00.000000',576,1),('2025-02-23','2025-02-23 00:00:00.000000',577,1),('2025-02-23','2025-02-23 00:00:00.000000',578,1),('2025-02-23','2025-02-23 00:00:00.000000',579,1),('2025-02-17','2025-02-17 00:00:00.000000',580,1),('2025-02-24','2025-02-24 00:00:00.000000',581,1),('2025-02-17','2025-02-17 00:00:00.000000',582,1),('2025-02-21','2025-02-21 00:00:00.000000',583,1),('2025-02-19','2025-02-19 00:00:00.000000',584,1),('2025-02-20','2025-02-20 00:00:00.000000',585,1),('2025-02-22','2025-02-22 00:00:00.000000',586,1),('2025-02-23','2025-02-23 00:00:00.000000',587,1),('2025-02-20','2025-02-20 00:00:00.000000',588,1),('2025-02-21','2025-02-21 00:00:00.000000',589,1),('2025-02-18','2025-02-18 00:00:00.000000',590,1),('2025-02-19','2025-02-19 00:00:00.000000',591,1),('2025-02-22','2025-02-22 00:00:00.000000',592,1),('2025-02-20','2025-02-20 00:00:00.000000',593,1),('2025-02-15','2025-02-15 00:00:00.000000',594,1),('2025-02-16','2025-02-16 00:00:00.000000',595,1),('2025-02-24','2025-02-24 00:00:00.000000',596,1),('2025-02-18','2025-02-18 00:00:00.000000',597,1),('2025-02-23','2025-02-23 00:00:00.000000',598,1),('2025-02-15','2025-02-15 00:00:00.000000',599,1),('2025-02-24','2025-02-24 00:00:00.000000',600,1),('2025-02-15','2025-02-15 00:00:00.000000',601,1),('2025-02-19','2025-02-19 00:00:00.000000',602,1),('2025-02-22','2025-02-22 00:00:00.000000',603,1),('2025-02-21','2025-02-21 00:00:00.000000',604,1),('2025-02-20','2025-02-20 00:00:00.000000',605,1),('2025-02-18','2025-02-18 00:00:00.000000',606,1),('2025-02-23','2025-02-23 00:00:00.000000',607,1),('2025-02-23','2025-02-23 00:00:00.000000',608,1),('2025-02-18','2025-02-18 00:00:00.000000',609,1),('2025-02-16','2025-02-16 00:00:00.000000',610,1),('2025-02-18','2025-02-18 00:00:00.000000',611,1),('2025-02-21','2025-02-21 00:00:00.000000',612,1),('2025-02-17','2025-02-17 00:00:00.000000',613,1),('2025-02-16','2025-02-16 00:00:00.000000',614,1),('2025-02-20','2025-02-20 00:00:00.000000',615,1),('2025-02-20','2025-02-20 00:00:00.000000',616,1),('2025-02-18','2025-02-18 00:00:00.000000',617,1),('2025-02-16','2025-02-16 00:00:00.000000',618,1),('2025-02-22','2025-02-22 00:00:00.000000',619,1),('2025-02-23','2025-02-23 00:00:00.000000',620,1),('2025-02-24','2025-02-24 00:00:00.000000',621,1),('2025-02-21','2025-02-21 00:00:00.000000',622,1),('2025-02-23','2025-02-23 00:00:00.000000',623,1),('2025-02-19','2025-02-19 00:00:00.000000',624,1),('2025-02-20','2025-02-20 00:00:00.000000',625,1),('2025-02-19','2025-02-19 00:00:00.000000',626,1),('2025-02-24','2025-02-24 00:00:00.000000',627,1),('2025-02-21','2025-02-21 00:00:00.000000',628,1),('2025-02-22','2025-02-22 00:00:00.000000',629,1),('2025-02-20','2025-02-20 00:00:00.000000',630,1),('2025-02-20','2025-02-20 00:00:00.000000',631,1),('2025-02-19','2025-02-19 00:00:00.000000',632,1),('2025-02-18','2025-02-18 00:00:00.000000',633,1),('2025-02-23','2025-02-23 00:00:00.000000',634,1),('2025-02-17','2025-02-17 00:00:00.000000',635,1),('2025-02-22','2025-02-22 00:00:00.000000',636,1),('2025-02-16','2025-02-16 00:00:00.000000',637,1),('2025-02-19','2025-02-19 00:00:00.000000',638,1),('2025-02-16','2025-02-16 00:00:00.000000',639,1),('2025-02-19','2025-02-19 00:00:00.000000',640,1),('2025-02-21','2025-02-21 00:00:00.000000',641,1),('2025-02-16','2025-02-16 00:00:00.000000',642,1),('2025-02-22','2025-02-22 00:00:00.000000',643,1),('2025-02-24','2025-02-24 00:00:00.000000',644,1),('2025-02-15','2025-02-15 00:00:00.000000',645,1),('2025-02-21','2025-02-21 00:00:00.000000',646,1),('2025-02-21','2025-02-21 00:00:00.000000',647,1),('2025-02-19','2025-02-19 00:00:00.000000',648,1),('2025-02-18','2025-02-18 00:00:00.000000',649,1),('2025-02-22','2025-02-22 00:00:00.000000',650,1),('2025-02-24','2025-02-24 00:00:00.000000',651,1),('2025-02-21','2025-02-21 00:00:00.000000',652,1),('2025-02-15','2025-02-15 00:00:00.000000',653,1),('2025-02-23','2025-02-23 00:00:00.000000',654,1),('2025-02-16','2025-02-16 00:00:00.000000',655,1),('2025-02-23','2025-02-23 00:00:00.000000',656,1),('2025-02-22','2025-02-22 00:00:00.000000',657,1),('2025-02-17','2025-02-17 00:00:00.000000',658,1),('2025-02-16','2025-02-16 00:00:00.000000',659,1),('2025-02-18','2025-02-18 00:00:00.000000',660,1),('2025-02-20','2025-02-20 00:00:00.000000',661,1),('2025-02-21','2025-02-21 00:00:00.000000',662,1),('2025-02-21','2025-02-21 00:00:00.000000',663,1),('2025-02-16','2025-02-16 00:00:00.000000',664,1),('2025-02-20','2025-02-20 00:00:00.000000',665,1),('2025-02-22','2025-02-22 00:00:00.000000',666,1),('2025-02-18','2025-02-18 00:00:00.000000',667,1),('2025-02-16','2025-02-16 00:00:00.000000',668,1),('2025-02-17','2025-02-17 00:00:00.000000',669,1),('2025-02-21','2025-02-21 00:00:00.000000',670,1),('2025-02-23','2025-02-23 00:00:00.000000',671,1),('2025-02-24','2025-02-24 00:00:00.000000',672,1),('2025-02-23','2025-02-23 00:00:00.000000',673,1),('2025-02-17','2025-02-17 00:00:00.000000',674,1),('2025-02-22','2025-02-22 00:00:00.000000',675,1),('2025-02-19','2025-02-19 00:00:00.000000',676,1),('2025-02-17','2025-02-17 00:00:00.000000',677,1),('2025-02-21','2025-02-21 00:00:00.000000',678,1),('2025-02-15','2025-02-15 00:00:00.000000',679,1),('2025-02-19','2025-02-19 00:00:00.000000',680,1),('2025-02-16','2025-02-16 00:00:00.000000',681,1),('2025-02-23','2025-02-23 00:00:00.000000',682,1),('2025-02-20','2025-02-20 00:00:00.000000',683,1),('2025-02-19','2025-02-19 00:00:00.000000',684,1),('2025-02-22','2025-02-22 00:00:00.000000',685,1),('2025-02-18','2025-02-18 00:00:00.000000',686,1),('2025-02-20','2025-02-20 00:00:00.000000',687,1),('2025-02-18','2025-02-18 00:00:00.000000',688,1),('2025-02-22','2025-02-22 00:00:00.000000',689,1),('2025-02-17','2025-02-17 00:00:00.000000',690,1),('2025-02-23','2025-02-23 00:00:00.000000',691,1),('2025-02-19','2025-02-19 00:00:00.000000',692,1),('2025-02-24','2025-02-24 00:00:00.000000',693,1),('2025-02-19','2025-02-19 00:00:00.000000',694,1),('2025-02-23','2025-02-23 00:00:00.000000',695,1),('2025-02-19','2025-02-19 00:00:00.000000',696,1),('2025-02-15','2025-02-15 00:00:00.000000',697,1),('2025-02-24','2025-02-24 00:00:00.000000',698,1),('2025-02-19','2025-02-19 00:00:00.000000',699,1),('2025-02-21','2025-02-21 00:00:00.000000',700,1),('2025-02-21','2025-02-21 00:00:00.000000',701,1),('2025-02-20','2025-02-20 00:00:00.000000',702,1),('2025-02-21','2025-02-21 00:00:00.000000',703,1),('2025-02-19','2025-02-19 00:00:00.000000',704,1),('2025-02-17','2025-02-17 00:00:00.000000',705,1),('2025-02-19','2025-02-19 00:00:00.000000',706,1),('2025-02-22','2025-02-22 00:00:00.000000',707,1),('2025-02-19','2025-02-19 00:00:00.000000',708,1),('2025-02-15','2025-02-15 00:00:00.000000',709,1),('2025-02-24','2025-02-24 00:00:00.000000',710,1),('2025-02-18','2025-02-18 00:00:00.000000',711,1),('2025-02-21','2025-02-21 00:00:00.000000',712,1),('2025-02-22','2025-02-22 00:00:00.000000',713,1),('2025-02-17','2025-02-17 00:00:00.000000',714,1),('2025-02-19','2025-02-19 00:00:00.000000',715,1),('2025-02-18','2025-02-18 00:00:00.000000',716,1),('2025-02-21','2025-02-21 00:00:00.000000',717,1),('2025-02-16','2025-02-16 00:00:00.000000',718,1),('2025-02-19','2025-02-19 00:00:00.000000',719,1),('2025-02-15','2025-02-15 00:00:00.000000',720,1),('2025-02-15','2025-02-15 00:00:00.000000',721,1),('2025-02-17','2025-02-17 00:00:00.000000',722,1),('2025-02-24','2025-02-24 00:00:00.000000',723,1),('2025-02-24','2025-02-24 00:00:00.000000',724,1),('2025-02-23','2025-02-23 00:00:00.000000',725,1),('2025-02-22','2025-02-22 00:00:00.000000',726,1),('2025-02-20','2025-02-20 00:00:00.000000',727,1),('2025-02-22','2025-02-22 00:00:00.000000',728,1),('2025-02-17','2025-02-17 00:00:00.000000',729,1),('2025-02-22','2025-02-22 00:00:00.000000',730,1),('2025-02-21','2025-02-21 00:00:00.000000',731,1),('2025-02-18','2025-02-18 00:00:00.000000',732,1),('2025-02-18','2025-02-18 00:00:00.000000',733,1),('2025-02-22','2025-02-22 00:00:00.000000',734,1),('2025-02-19','2025-02-19 00:00:00.000000',735,1),('2025-02-24','2025-02-24 00:00:00.000000',736,1),('2025-02-15','2025-02-15 00:00:00.000000',737,1),('2025-02-19','2025-02-19 00:00:00.000000',738,1),('2025-02-21','2025-02-21 00:00:00.000000',739,1),('2025-02-17','2025-02-17 00:00:00.000000',740,1),('2025-02-15','2025-02-15 00:00:00.000000',741,1),('2025-02-16','2025-02-16 00:00:00.000000',742,1),('2025-02-22','2025-02-22 00:00:00.000000',743,1),('2025-02-24','2025-02-24 00:00:00.000000',744,1),('2025-02-24','2025-02-24 00:00:00.000000',745,1),('2025-02-18','2025-02-18 00:00:00.000000',746,1),('2025-02-21','2025-02-21 00:00:00.000000',747,1),('2025-02-17','2025-02-17 00:00:00.000000',748,1),('2025-02-23','2025-02-23 00:00:00.000000',749,1),('2025-02-21','2025-02-21 00:00:00.000000',750,1),('2025-02-23','2025-02-23 00:00:00.000000',751,1),('2025-02-18','2025-02-18 00:00:00.000000',752,1),('2025-02-20','2025-02-20 00:00:00.000000',753,1),('2025-02-21','2025-02-21 00:00:00.000000',754,1),('2025-02-18','2025-02-18 00:00:00.000000',755,1),('2025-02-17','2025-02-17 00:00:00.000000',756,1),('2025-02-17','2025-02-17 00:00:00.000000',757,1),('2025-02-24','2025-02-24 00:00:00.000000',758,1),('2025-02-24','2025-02-24 00:00:00.000000',759,1),('2025-02-19','2025-02-19 00:00:00.000000',760,1),('2025-02-23','2025-02-23 00:00:00.000000',761,1),('2025-02-22','2025-02-22 00:00:00.000000',762,1),('2025-02-20','2025-02-20 00:00:00.000000',763,1),('2025-02-17','2025-02-17 00:00:00.000000',764,1),('2025-02-17','2025-02-17 00:00:00.000000',765,1),('2025-02-18','2025-02-18 00:00:00.000000',766,1),('2025-02-17','2025-02-17 00:00:00.000000',767,1),('2025-02-17','2025-02-17 00:00:00.000000',768,1),('2025-02-23','2025-02-23 00:00:00.000000',769,1),('2025-02-21','2025-02-21 00:00:00.000000',770,1),('2025-02-19','2025-02-19 00:00:00.000000',771,1),('2025-02-21','2025-02-21 00:00:00.000000',772,1),('2025-02-17','2025-02-17 00:00:00.000000',773,1),('2025-02-17','2025-02-17 00:00:00.000000',774,1),('2025-02-18','2025-02-18 00:00:00.000000',775,1),('2025-02-21','2025-02-21 00:00:00.000000',776,1),('2025-02-18','2025-02-18 00:00:00.000000',777,1),('2025-02-22','2025-02-22 00:00:00.000000',778,1),('2025-02-16','2025-02-16 00:00:00.000000',779,1),('2025-02-15','2025-02-15 00:00:00.000000',780,1),('2025-02-18','2025-02-18 00:00:00.000000',781,1),('2025-02-24','2025-02-24 00:00:00.000000',782,1),('2025-02-16','2025-02-16 00:00:00.000000',783,1),('2025-02-17','2025-02-17 00:00:00.000000',784,1),('2025-02-17','2025-02-17 00:00:00.000000',785,1),('2025-02-23','2025-02-23 00:00:00.000000',786,1),('2025-02-19','2025-02-19 00:00:00.000000',787,1),('2025-02-20','2025-02-20 00:00:00.000000',788,1),('2025-02-19','2025-02-19 00:00:00.000000',789,1),('2025-02-22','2025-02-22 00:00:00.000000',790,1),('2025-02-17','2025-02-17 00:00:00.000000',791,1),('2025-02-22','2025-02-22 00:00:00.000000',792,1),('2025-02-17','2025-02-17 00:00:00.000000',793,1),('2025-02-15','2025-02-15 00:00:00.000000',794,1),('2025-02-23','2025-02-23 00:00:00.000000',795,1),('2025-02-19','2025-02-19 00:00:00.000000',796,1),('2025-02-22','2025-02-22 00:00:00.000000',797,1),('2025-02-21','2025-02-21 00:00:00.000000',798,1),('2025-02-22','2025-02-22 00:00:00.000000',799,1),('2025-02-23','2025-02-23 00:00:00.000000',800,1),('2025-02-15','2025-02-15 00:00:00.000000',801,1),('2025-02-23','2025-02-23 00:00:00.000000',802,1),('2025-02-22','2025-02-22 00:00:00.000000',803,1),('2025-02-20','2025-02-20 00:00:00.000000',804,1),('2025-02-19','2025-02-19 00:00:00.000000',805,1),('2025-02-23','2025-02-23 00:00:00.000000',806,1),('2025-02-21','2025-02-21 00:00:00.000000',807,1),('2025-02-24','2025-02-24 00:00:00.000000',808,1),('2025-02-20','2025-02-20 00:00:00.000000',809,1),('2025-02-19','2025-02-19 00:00:00.000000',810,1),('2025-02-20','2025-02-20 00:00:00.000000',811,1),('2025-02-20','2025-02-20 00:00:00.000000',812,1),('2025-02-23','2025-02-23 00:00:00.000000',813,1),('2025-02-16','2025-02-16 00:00:00.000000',814,1),('2025-02-18','2025-02-18 00:00:00.000000',815,1),('2025-02-17','2025-02-17 00:00:00.000000',816,1),('2025-02-18','2025-02-18 00:00:00.000000',817,1),('2025-02-22','2025-02-22 00:00:00.000000',818,1),('2025-02-17','2025-02-17 00:00:00.000000',819,1),('2025-02-16','2025-02-16 00:00:00.000000',820,1),('2025-02-18','2025-02-18 00:00:00.000000',821,1),('2025-02-19','2025-02-19 00:00:00.000000',822,1),('2025-02-20','2025-02-20 00:00:00.000000',823,1),('2025-02-15','2025-02-15 00:00:00.000000',824,1),('2025-02-19','2025-02-19 00:00:00.000000',825,1),('2025-02-15','2025-02-15 00:00:00.000000',826,1),('2025-02-18','2025-02-18 00:00:00.000000',827,1),('2025-02-17','2025-02-17 00:00:00.000000',828,1),('2025-02-18','2025-02-18 00:00:00.000000',829,1),('2025-02-23','2025-02-23 00:00:00.000000',830,1),('2025-02-21','2025-02-21 00:00:00.000000',831,1),('2025-02-17','2025-02-17 00:00:00.000000',832,1),('2025-02-21','2025-02-21 00:00:00.000000',833,1),('2025-02-22','2025-02-22 00:00:00.000000',834,1),('2025-02-16','2025-02-16 00:00:00.000000',835,1),('2025-02-20','2025-02-20 00:00:00.000000',836,1),('2025-02-15','2025-02-15 00:00:00.000000',837,1),('2025-02-24','2025-02-24 00:00:00.000000',838,1),('2025-02-22','2025-02-22 00:00:00.000000',839,1),('2025-02-19','2025-02-19 00:00:00.000000',840,1),('2025-02-21','2025-02-21 00:00:00.000000',841,1),('2025-02-17','2025-02-17 00:00:00.000000',842,1),('2025-02-15','2025-02-15 00:00:00.000000',843,1),('2025-02-21','2025-02-21 00:00:00.000000',844,1),('2025-02-19','2025-02-19 00:00:00.000000',845,1),('2025-02-15','2025-02-15 00:00:00.000000',846,1),('2025-02-20','2025-02-20 00:00:00.000000',847,1),('2025-02-17','2025-02-17 00:00:00.000000',848,1),('2025-02-15','2025-02-15 00:00:00.000000',849,1),('2025-02-22','2025-02-22 00:00:00.000000',850,1),('2025-02-18','2025-02-18 00:00:00.000000',851,1),('2025-02-23','2025-02-23 00:00:00.000000',852,1),('2025-02-23','2025-02-23 00:00:00.000000',853,1),('2025-02-17','2025-02-17 00:00:00.000000',854,1),('2025-02-15','2025-02-15 00:00:00.000000',855,1),('2025-02-16','2025-02-16 00:00:00.000000',856,1),('2025-02-17','2025-02-17 00:00:00.000000',857,1),('2025-02-24','2025-02-24 00:00:00.000000',858,1),('2025-02-18','2025-02-18 00:00:00.000000',859,1),('2025-02-17','2025-02-17 00:00:00.000000',860,1),('2025-02-22','2025-02-22 00:00:00.000000',861,1),('2025-02-19','2025-02-19 00:00:00.000000',862,1),('2025-02-19','2025-02-19 00:00:00.000000',863,1),('2025-02-23','2025-02-23 00:00:00.000000',864,1),('2025-02-17','2025-02-17 00:00:00.000000',865,1),('2025-02-17','2025-02-17 00:00:00.000000',866,1),('2025-02-24','2025-02-24 00:00:00.000000',867,1),('2025-02-20','2025-02-20 00:00:00.000000',868,1),('2025-02-20','2025-02-20 00:00:00.000000',869,1),('2025-02-21','2025-02-21 00:00:00.000000',870,1),('2025-02-20','2025-02-20 00:00:00.000000',871,1),('2025-02-20','2025-02-20 00:00:00.000000',872,1),('2025-02-16','2025-02-16 00:00:00.000000',873,1),('2025-02-17','2025-02-17 00:00:00.000000',874,1),('2025-02-21','2025-02-21 00:00:00.000000',875,1),('2025-02-24','2025-02-24 00:00:00.000000',876,1),('2025-02-22','2025-02-22 00:00:00.000000',877,1),('2025-02-17','2025-02-17 00:00:00.000000',878,1),('2025-02-15','2025-02-15 00:00:00.000000',879,1),('2025-02-16','2025-02-16 00:00:00.000000',880,1),('2025-02-18','2025-02-18 00:00:00.000000',881,1),('2025-02-23','2025-02-23 00:00:00.000000',882,1),('2025-02-20','2025-02-20 00:00:00.000000',883,1),('2025-02-22','2025-02-22 00:00:00.000000',884,1),('2025-02-23','2025-02-23 00:00:00.000000',885,1),('2025-02-20','2025-02-20 00:00:00.000000',886,1),('2025-02-21','2025-02-21 00:00:00.000000',887,1),('2025-02-15','2025-02-15 00:00:00.000000',888,1),('2025-02-22','2025-02-22 00:00:00.000000',889,1),('2025-02-15','2025-02-15 00:00:00.000000',890,1),('2025-02-24','2025-02-24 00:00:00.000000',891,1),('2025-02-24','2025-02-24 00:00:00.000000',892,1),('2025-02-18','2025-02-18 00:00:00.000000',893,1),('2025-02-19','2025-02-19 00:00:00.000000',894,1),('2025-02-22','2025-02-22 00:00:00.000000',895,1),('2025-02-21','2025-02-21 00:00:00.000000',896,1),('2025-02-23','2025-02-23 00:00:00.000000',897,1),('2025-02-24','2025-02-24 00:00:00.000000',898,1),('2025-02-19','2025-02-19 00:00:00.000000',899,1),('2025-02-20','2025-02-20 00:00:00.000000',900,1),('2025-02-15','2025-02-15 00:00:00.000000',901,1),('2025-02-22','2025-02-22 00:00:00.000000',902,1),('2025-02-24','2025-02-24 00:00:00.000000',903,1),('2025-02-17','2025-02-17 00:00:00.000000',904,1),('2025-02-18','2025-02-18 00:00:00.000000',905,1),('2025-02-15','2025-02-15 00:00:00.000000',906,1),('2025-02-19','2025-02-19 00:00:00.000000',907,1),('2025-02-23','2025-02-23 00:00:00.000000',908,1),('2025-02-19','2025-02-19 00:00:00.000000',909,1),('2025-02-23','2025-02-23 00:00:00.000000',910,1),('2025-02-20','2025-02-20 00:00:00.000000',911,1),('2025-02-18','2025-02-18 00:00:00.000000',912,1),('2025-02-15','2025-02-15 00:00:00.000000',913,1),('2025-02-21','2025-02-21 00:00:00.000000',914,1),('2025-02-24','2025-02-24 00:00:00.000000',915,1),('2025-02-23','2025-02-23 00:00:00.000000',916,1),('2025-02-22','2025-02-22 00:00:00.000000',917,1),('2025-02-18','2025-02-18 00:00:00.000000',918,1),('2025-02-20','2025-02-20 00:00:00.000000',919,1),('2025-02-20','2025-02-20 00:00:00.000000',920,1),('2025-02-16','2025-02-16 00:00:00.000000',921,1),('2025-02-15','2025-02-15 00:00:00.000000',922,1),('2025-02-20','2025-02-20 00:00:00.000000',923,1),('2025-02-18','2025-02-18 00:00:00.000000',924,1),('2025-02-22','2025-02-22 00:00:00.000000',925,1),('2025-02-16','2025-02-16 00:00:00.000000',926,1),('2025-02-18','2025-02-18 00:00:00.000000',927,1),('2025-02-24','2025-02-24 00:00:00.000000',928,1),('2025-02-24','2025-02-24 00:00:00.000000',929,1),('2025-02-20','2025-02-20 00:00:00.000000',930,1),('2025-02-18','2025-02-18 00:00:00.000000',931,1),('2025-02-17','2025-02-17 00:00:00.000000',932,1),('2025-02-23','2025-02-23 00:00:00.000000',933,1),('2025-02-20','2025-02-20 00:00:00.000000',934,1),('2025-02-17','2025-02-17 00:00:00.000000',935,1),('2025-02-19','2025-02-19 00:00:00.000000',936,1),('2025-02-24','2025-02-24 00:00:00.000000',937,1),('2025-02-21','2025-02-21 00:00:00.000000',938,1),('2025-02-15','2025-02-15 00:00:00.000000',939,1),('2025-02-21','2025-02-21 00:00:00.000000',940,1),('2025-02-24','2025-02-24 00:00:00.000000',941,1),('2025-02-22','2025-02-22 00:00:00.000000',942,1),('2025-02-15','2025-02-15 00:00:00.000000',943,1),('2025-02-20','2025-02-20 00:00:00.000000',944,1),('2025-02-23','2025-02-23 00:00:00.000000',945,1),('2025-02-22','2025-02-22 00:00:00.000000',946,1),('2025-02-17','2025-02-17 00:00:00.000000',947,1),('2025-02-22','2025-02-22 00:00:00.000000',948,1),('2025-02-17','2025-02-17 00:00:00.000000',949,1),('2025-02-18','2025-02-18 00:00:00.000000',950,1),('2025-02-17','2025-02-17 00:00:00.000000',951,1),('2025-02-21','2025-02-21 00:00:00.000000',952,1),('2025-02-19','2025-02-19 00:00:00.000000',953,1),('2025-02-24','2025-02-24 00:00:00.000000',954,1),('2025-02-18','2025-02-18 00:00:00.000000',955,1),('2025-02-16','2025-02-16 00:00:00.000000',956,1),('2025-02-16','2025-02-16 00:00:00.000000',957,1),('2025-02-18','2025-02-18 00:00:00.000000',958,1),('2025-02-20','2025-02-20 00:00:00.000000',959,1),('2025-02-20','2025-02-20 00:00:00.000000',960,1),('2025-02-22','2025-02-22 00:00:00.000000',961,1),('2025-02-22','2025-02-22 00:00:00.000000',962,1),('2025-02-22','2025-02-22 00:00:00.000000',963,1),('2025-02-16','2025-02-16 00:00:00.000000',964,1),('2025-02-18','2025-02-18 00:00:00.000000',965,1),('2025-02-24','2025-02-24 00:00:00.000000',966,1),('2025-02-23','2025-02-23 00:00:00.000000',967,1),('2025-02-20','2025-02-20 00:00:00.000000',968,1),('2025-02-19','2025-02-19 00:00:00.000000',969,1),('2025-02-18','2025-02-18 00:00:00.000000',970,1),('2025-02-17','2025-02-17 00:00:00.000000',971,1),('2025-02-19','2025-02-19 00:00:00.000000',972,1),('2025-02-17','2025-02-17 00:00:00.000000',973,1),('2025-02-19','2025-02-19 00:00:00.000000',974,1),('2025-02-16','2025-02-16 00:00:00.000000',975,1),('2025-02-23','2025-02-23 00:00:00.000000',976,1),('2025-02-23','2025-02-23 00:00:00.000000',977,1),('2025-02-22','2025-02-22 00:00:00.000000',978,1),('2025-02-16','2025-02-16 00:00:00.000000',979,1),('2025-02-19','2025-02-19 00:00:00.000000',980,1),('2025-02-17','2025-02-17 00:00:00.000000',981,1),('2025-02-17','2025-02-17 00:00:00.000000',982,1),('2025-02-21','2025-02-21 00:00:00.000000',983,1),('2025-02-22','2025-02-22 00:00:00.000000',984,1),('2025-02-19','2025-02-19 00:00:00.000000',985,1),('2025-02-23','2025-02-23 00:00:00.000000',986,1),('2025-02-18','2025-02-18 00:00:00.000000',987,1),('2025-02-15','2025-02-15 00:00:00.000000',988,1),('2025-02-20','2025-02-20 00:00:00.000000',989,1),('2025-02-20','2025-02-20 00:00:00.000000',990,1),('2025-02-22','2025-02-22 00:00:00.000000',991,1),('2025-02-22','2025-02-22 00:00:00.000000',992,1),('2025-02-20','2025-02-20 00:00:00.000000',993,1),('2025-02-15','2025-02-15 00:00:00.000000',994,1),('2025-02-16','2025-02-16 00:00:00.000000',995,1),('2025-02-16','2025-02-16 00:00:00.000000',996,1),('2025-02-18','2025-02-18 00:00:00.000000',997,1),('2025-02-20','2025-02-20 00:00:00.000000',998,1),('2025-02-22','2025-02-22 00:00:00.000000',999,1),('2025-02-20','2025-02-20 00:00:00.000000',1000,1),('2025-02-20','2025-02-20 17:45:00.483758',1001,2),('2025-02-20','2025-02-20 17:48:26.047524',1002,3),('2025-02-06','2025-02-20 17:48:58.335298',1003,3),('2025-02-20','2025-02-20 17:50:56.575999',1004,4),('2025-02-20','2025-02-20 17:53:34.879051',1005,5),('2025-02-20','2025-02-20 19:39:48.148724',1006,10),('2025-02-20','2025-02-20 19:56:43.248948',1009,11),('2025-02-19','2025-02-20 19:56:59.958220',1010,11),('2025-02-18','2025-02-20 19:57:15.059714',1011,11),('2025-02-04','2025-02-20 20:09:16.834186',1013,10),('2025-02-05','2025-02-20 20:09:47.600305',1014,10),('2025-02-12','2025-02-20 20:20:08.477854',1015,3),('2025-02-13','2025-02-20 20:22:41.510282',1017,3),('2025-02-14','2025-02-20 20:23:06.126344',1018,3),('2025-02-11','2025-02-20 20:23:35.692323',1019,3),('2025-02-19','2025-02-20 20:23:55.811660',1020,3);
/*!40000 ALTER TABLE `diary` ENABLE KEYS */;
UNLOCK TABLES;

--
-- Table structure for table `diary_content`
--

DROP TABLE IF EXISTS `diary_content`;
/*!40101 SET @saved_cs_client     = @@character_set_client */;
/*!50503 SET character_set_client = utf8mb4 */;
CREATE TABLE `diary_content` (
  `createdAt` datetime(6) DEFAULT NULL,
  `diary_content_id` bigint NOT NULL AUTO_INCREMENT,
  `diary_id` bigint DEFAULT NULL,
  `updatedAt` datetime(6) DEFAULT NULL,
  `content` varchar(255) DEFAULT NULL,
  `title` varchar(255) DEFAULT NULL,
  PRIMARY KEY (`diary_content_id`),
  UNIQUE KEY `UK68t37cvbpn5e4b8o9xuo2a3d6` (`diary_id`),
  CONSTRAINT `FKrgkbslh2apws6pnx6bwim5yqh` FOREIGN KEY (`diary_id`) REFERENCES `diary` (`diary_id`)
) ENGINE=InnoDB AUTO_INCREMENT=13 DEFAULT CHARSET=utf8mb4 COLLATE=utf8mb4_0900_ai_ci;
/*!40101 SET character_set_client = @saved_cs_client */;

--
-- Dumping data for table `diary_content`
--

LOCK TABLES `diary_content` WRITE;
/*!40000 ALTER TABLE `diary_content` DISABLE KEYS */;
INSERT INTO `diary_content` VALUES ('2025-02-20 17:45:26.948031',1,1001,'2025-02-20 17:45:26.948046','   ',NULL),('2025-02-20 17:48:55.755394',2,1002,'2025-02-20 17:48:55.755402','     ...',NULL),('2025-02-20 17:49:09.124575',3,1003,'2025-02-20 17:49:09.124583','',NULL),('2025-02-20 17:51:14.907266',4,1004,'2025-02-20 17:51:14.907273','  ..',NULL),('2025-02-20 17:53:42.180143',5,1005,'2025-02-20 17:53:42.180149','asdfadsf',NULL),('2025-02-20 19:42:11.098889',6,1006,'2025-02-20 19:50:13.044483','     .     . \n     . \n ....  ?',NULL),('2025-02-20 19:56:57.602611',9,1009,'2025-02-20 19:56:57.602617','!',NULL),('2025-02-20 19:57:12.926479',10,1010,'2025-02-20 19:57:12.926484',' ',NULL),('2025-02-20 19:57:29.904638',11,1011,'2025-02-20 19:57:29.904642','   ..',NULL),('2025-02-20 20:09:53.072272',12,1014,'2025-02-20 20:09:53.072276','',NULL);
/*!40000 ALTER TABLE `diary_content` ENABLE KEYS */;
UNLOCK TABLES;

--
-- Table structure for table `diary_emotion`
--

DROP TABLE IF EXISTS `diary_emotion`;
/*!40101 SET @saved_cs_client     = @@character_set_client */;
/*!50503 SET character_set_client = utf8mb4 */;
CREATE TABLE `diary_emotion` (
  `xValue` float DEFAULT NULL,
  `yValue` float DEFAULT NULL,
  `createdAt` datetime(6) DEFAULT NULL,
  `diary_emotion_id` bigint NOT NULL AUTO_INCREMENT,
  `diary_id` bigint DEFAULT NULL,
  PRIMARY KEY (`diary_emotion_id`),
  UNIQUE KEY `UKcu99es8xut7fggriait20ncrv` (`diary_id`),
  CONSTRAINT `FKr5ovjdxh85b2e6vmu39ed4uq4` FOREIGN KEY (`diary_id`) REFERENCES `diary` (`diary_id`)
) ENGINE=InnoDB AUTO_INCREMENT=1019 DEFAULT CHARSET=utf8mb4 COLLATE=utf8mb4_0900_ai_ci;
/*!40101 SET character_set_client = @saved_cs_client */;

--
-- Dumping data for table `diary_emotion`
--

LOCK TABLES `diary_emotion` WRITE;
/*!40000 ALTER TABLE `diary_emotion` DISABLE KEYS */;
INSERT INTO `diary_emotion` VALUES (-2,0,'2025-02-20 00:00:00.000000',1,1),(0,1,'2025-02-18 00:00:00.000000',2,2),(-1,4,'2025-02-18 00:00:00.000000',3,3),(-5,-5,'2025-02-16 00:00:00.000000',4,4),(-4,-5,'2025-02-21 00:00:00.000000',5,5),(2,-5,'2025-02-23 00:00:00.000000',6,6),(-2,0,'2025-02-19 00:00:00.000000',7,7),(-4,-3,'2025-02-24 00:00:00.000000',8,8),(-4,-3,'2025-02-24 00:00:00.000000',9,9),(2,-4,'2025-02-16 00:00:00.000000',10,10),(3,-2,'2025-02-15 00:00:00.000000',11,11),(-5,-4,'2025-02-21 00:00:00.000000',12,12),(-3,4,'2025-02-15 00:00:00.000000',13,13),(0,2,'2025-02-18 00:00:00.000000',14,14),(-5,4,'2025-02-17 00:00:00.000000',15,15),(1,1,'2025-02-21 00:00:00.000000',16,16),(-1,0,'2025-02-24 00:00:00.000000',17,17),(-1,-5,'2025-02-17 00:00:00.000000',18,18),(1,-5,'2025-02-18 00:00:00.000000',19,19),(-2,5,'2025-02-20 00:00:00.000000',20,20),(3,-1,'2025-02-22 00:00:00.000000',21,21),(-5,-2,'2025-02-20 00:00:00.000000',22,22),(-2,1,'2025-02-16 00:00:00.000000',23,23),(3,4,'2025-02-23 00:00:00.000000',24,24),(5,-5,'2025-02-18 00:00:00.000000',25,25),(-3,-2,'2025-02-21 00:00:00.000000',26,26),(3,-2,'2025-02-22 00:00:00.000000',27,27),(-3,2,'2025-02-19 00:00:00.000000',28,28),(3,2,'2025-02-22 00:00:00.000000',29,29),(5,2,'2025-02-19 00:00:00.000000',30,30),(3,-3,'2025-02-19 00:00:00.000000',31,31),(2,4,'2025-02-19 00:00:00.000000',32,32),(4,4,'2025-02-20 00:00:00.000000',33,33),(2,5,'2025-02-22 00:00:00.000000',34,34),(4,2,'2025-02-19 00:00:00.000000',35,35),(-1,-5,'2025-02-18 00:00:00.000000',36,36),(0,1,'2025-02-16 00:00:00.000000',37,37),(1,-1,'2025-02-17 00:00:00.000000',38,38),(-4,5,'2025-02-20 00:00:00.000000',39,39),(2,4,'2025-02-20 00:00:00.000000',40,40),(-3,5,'2025-02-19 00:00:00.000000',41,41),(-3,-1,'2025-02-17 00:00:00.000000',42,42),(-1,-2,'2025-02-23 00:00:00.000000',43,43),(-3,0,'2025-02-16 00:00:00.000000',44,44),(0,4,'2025-02-16 00:00:00.000000',45,45),(-1,0,'2025-02-23 00:00:00.000000',46,46),(1,1,'2025-02-20 00:00:00.000000',47,47),(-4,-5,'2025-02-16 00:00:00.000000',48,48),(3,-5,'2025-02-23 00:00:00.000000',49,49),(5,5,'2025-02-17 00:00:00.000000',50,50),(-2,-3,'2025-02-15 00:00:00.000000',51,51),(-4,-4,'2025-02-18 00:00:00.000000',52,52),(1,1,'2025-02-22 00:00:00.000000',53,53),(2,-5,'2025-02-24 00:00:00.000000',54,54),(-1,-1,'2025-02-20 00:00:00.000000',55,55),(-2,-5,'2025-02-24 00:00:00.000000',56,56),(2,-2,'2025-02-23 00:00:00.000000',57,57),(3,3,'2025-02-17 00:00:00.000000',58,58),(-3,-2,'2025-02-20 00:00:00.000000',59,59),(1,-1,'2025-02-24 00:00:00.000000',60,60),(-1,-2,'2025-02-18 00:00:00.000000',61,61),(1,5,'2025-02-22 00:00:00.000000',62,62),(-3,2,'2025-02-24 00:00:00.000000',63,63),(1,-4,'2025-02-21 00:00:00.000000',64,64),(1,-5,'2025-02-22 00:00:00.000000',65,65),(4,-1,'2025-02-23 00:00:00.000000',66,66),(5,-5,'2025-02-20 00:00:00.000000',67,67),(-3,2,'2025-02-16 00:00:00.000000',68,68),(0,-5,'2025-02-19 00:00:00.000000',69,69),(4,3,'2025-02-23 00:00:00.000000',70,70),(-1,-5,'2025-02-16 00:00:00.000000',71,71),(2,-1,'2025-02-19 00:00:00.000000',72,72),(0,2,'2025-02-24 00:00:00.000000',73,73),(5,-5,'2025-02-22 00:00:00.000000',74,74),(-5,4,'2025-02-16 00:00:00.000000',75,75),(5,5,'2025-02-23 00:00:00.000000',76,76),(-4,4,'2025-02-20 00:00:00.000000',77,77),(-4,5,'2025-02-23 00:00:00.000000',78,78),(-2,0,'2025-02-23 00:00:00.000000',79,79),(-2,4,'2025-02-18 00:00:00.000000',80,80),(1,4,'2025-02-16 00:00:00.000000',81,81),(1,-4,'2025-02-23 00:00:00.000000',82,82),(-5,1,'2025-02-15 00:00:00.000000',83,83),(-3,-1,'2025-02-19 00:00:00.000000',84,84),(-2,5,'2025-02-23 00:00:00.000000',85,85),(5,4,'2025-02-17 00:00:00.000000',86,86),(1,1,'2025-02-19 00:00:00.000000',87,87),(4,-5,'2025-02-19 00:00:00.000000',88,88),(-2,3,'2025-02-20 00:00:00.000000',89,89),(3,2,'2025-02-15 00:00:00.000000',90,90),(4,3,'2025-02-17 00:00:00.000000',91,91),(-2,-2,'2025-02-24 00:00:00.000000',92,92),(1,5,'2025-02-19 00:00:00.000000',93,93),(3,2,'2025-02-22 00:00:00.000000',94,94),(2,-1,'2025-02-24 00:00:00.000000',95,95),(0,3,'2025-02-15 00:00:00.000000',96,96),(0,-3,'2025-02-21 00:00:00.000000',97,97),(-5,-3,'2025-02-22 00:00:00.000000',98,98),(5,-2,'2025-02-17 00:00:00.000000',99,99),(2,-4,'2025-02-16 00:00:00.000000',100,100),(-2,2,'2025-02-16 00:00:00.000000',101,101),(2,4,'2025-02-22 00:00:00.000000',102,102),(-4,-2,'2025-02-23 00:00:00.000000',103,103),(2,-5,'2025-02-15 00:00:00.000000',104,104),(-5,-5,'2025-02-16 00:00:00.000000',105,105),(-5,-3,'2025-02-15 00:00:00.000000',106,106),(2,1,'2025-02-19 00:00:00.000000',107,107),(-5,-5,'2025-02-15 00:00:00.000000',108,108),(-1,3,'2025-02-20 00:00:00.000000',109,109),(-3,0,'2025-02-17 00:00:00.000000',110,110),(5,5,'2025-02-23 00:00:00.000000',111,111),(1,-1,'2025-02-16 00:00:00.000000',112,112),(2,-4,'2025-02-20 00:00:00.000000',113,113),(0,1,'2025-02-17 00:00:00.000000',114,114),(5,5,'2025-02-15 00:00:00.000000',115,115),(5,5,'2025-02-16 00:00:00.000000',116,116),(3,-5,'2025-02-24 00:00:00.000000',117,117),(-4,4,'2025-02-24 00:00:00.000000',118,118),(-1,0,'2025-02-24 00:00:00.000000',119,119),(-3,4,'2025-02-18 00:00:00.000000',120,120),(-3,3,'2025-02-16 00:00:00.000000',121,121),(2,4,'2025-02-22 00:00:00.000000',122,122),(2,0,'2025-02-17 00:00:00.000000',123,123),(1,-2,'2025-02-23 00:00:00.000000',124,124),(3,-2,'2025-02-19 00:00:00.000000',125,125),(-5,0,'2025-02-20 00:00:00.000000',126,126),(-3,0,'2025-02-21 00:00:00.000000',127,127),(0,0,'2025-02-17 00:00:00.000000',128,128),(3,0,'2025-02-18 00:00:00.000000',129,129),(5,1,'2025-02-19 00:00:00.000000',130,130),(-1,4,'2025-02-15 00:00:00.000000',131,131),(1,0,'2025-02-21 00:00:00.000000',132,132),(-2,-1,'2025-02-22 00:00:00.000000',133,133),(2,5,'2025-02-20 00:00:00.000000',134,134),(-3,-3,'2025-02-19 00:00:00.000000',135,135),(0,3,'2025-02-19 00:00:00.000000',136,136),(3,0,'2025-02-16 00:00:00.000000',137,137),(0,5,'2025-02-17 00:00:00.000000',138,138),(1,-5,'2025-02-20 00:00:00.000000',139,139),(2,4,'2025-02-22 00:00:00.000000',140,140),(0,-1,'2025-02-22 00:00:00.000000',141,141),(3,-5,'2025-02-20 00:00:00.000000',142,142),(1,2,'2025-02-20 00:00:00.000000',143,143),(4,2,'2025-02-19 00:00:00.000000',144,144),(-1,-5,'2025-02-23 00:00:00.000000',145,145),(4,3,'2025-02-23 00:00:00.000000',146,146),(-3,-5,'2025-02-21 00:00:00.000000',147,147),(2,-4,'2025-02-15 00:00:00.000000',148,148),(-2,-2,'2025-02-23 00:00:00.000000',149,149),(-3,-3,'2025-02-21 00:00:00.000000',150,150),(3,-2,'2025-02-18 00:00:00.000000',151,151),(-1,-2,'2025-02-17 00:00:00.000000',152,152),(0,-4,'2025-02-16 00:00:00.000000',153,153),(-3,0,'2025-02-22 00:00:00.000000',154,154),(2,2,'2025-02-20 00:00:00.000000',155,155),(1,4,'2025-02-24 00:00:00.000000',156,156),(0,-4,'2025-02-24 00:00:00.000000',157,157),(-2,-3,'2025-02-21 00:00:00.000000',158,158),(5,3,'2025-02-23 00:00:00.000000',159,159),(3,2,'2025-02-23 00:00:00.000000',160,160),(-3,-2,'2025-02-22 00:00:00.000000',161,161),(2,5,'2025-02-24 00:00:00.000000',162,162),(-1,-1,'2025-02-22 00:00:00.000000',163,163),(-1,-5,'2025-02-16 00:00:00.000000',164,164),(-5,0,'2025-02-15 00:00:00.000000',165,165),(2,1,'2025-02-16 00:00:00.000000',166,166),(5,-1,'2025-02-22 00:00:00.000000',167,167),(1,-3,'2025-02-18 00:00:00.000000',168,168),(-1,-1,'2025-02-16 00:00:00.000000',169,169),(-1,-1,'2025-02-21 00:00:00.000000',170,170),(3,0,'2025-02-22 00:00:00.000000',171,171),(2,-4,'2025-02-22 00:00:00.000000',172,172),(-5,4,'2025-02-24 00:00:00.000000',173,173),(3,-1,'2025-02-17 00:00:00.000000',174,174),(-3,0,'2025-02-22 00:00:00.000000',175,175),(-1,-4,'2025-02-20 00:00:00.000000',176,176),(3,-4,'2025-02-18 00:00:00.000000',177,177),(-1,4,'2025-02-17 00:00:00.000000',178,178),(-4,3,'2025-02-24 00:00:00.000000',179,179),(-5,-2,'2025-02-19 00:00:00.000000',180,180),(5,-2,'2025-02-17 00:00:00.000000',181,181),(3,-1,'2025-02-19 00:00:00.000000',182,182),(-2,-3,'2025-02-22 00:00:00.000000',183,183),(0,-1,'2025-02-18 00:00:00.000000',184,184),(-2,5,'2025-02-21 00:00:00.000000',185,185),(0,4,'2025-02-17 00:00:00.000000',186,186),(-1,-5,'2025-02-16 00:00:00.000000',187,187),(4,-3,'2025-02-24 00:00:00.000000',188,188),(2,-3,'2025-02-18 00:00:00.000000',189,189),(-3,1,'2025-02-21 00:00:00.000000',190,190),(-3,-4,'2025-02-23 00:00:00.000000',191,191),(2,0,'2025-02-19 00:00:00.000000',192,192),(-2,5,'2025-02-15 00:00:00.000000',193,193),(5,5,'2025-02-17 00:00:00.000000',194,194),(2,-2,'2025-02-23 00:00:00.000000',195,195),(3,-5,'2025-02-16 00:00:00.000000',196,196),(4,-3,'2025-02-18 00:00:00.000000',197,197),(-3,-3,'2025-02-20 00:00:00.000000',198,198),(-1,4,'2025-02-24 00:00:00.000000',199,199),(5,2,'2025-02-24 00:00:00.000000',200,200),(4,-1,'2025-02-22 00:00:00.000000',201,201),(-4,-2,'2025-02-24 00:00:00.000000',202,202),(-5,-1,'2025-02-15 00:00:00.000000',203,203),(5,-1,'2025-02-16 00:00:00.000000',204,204),(0,-5,'2025-02-22 00:00:00.000000',205,205),(-5,-5,'2025-02-16 00:00:00.000000',206,206),(-5,4,'2025-02-16 00:00:00.000000',207,207),(-5,-2,'2025-02-21 00:00:00.000000',208,208),(-4,5,'2025-02-22 00:00:00.000000',209,209),(-5,4,'2025-02-19 00:00:00.000000',210,210),(2,-4,'2025-02-22 00:00:00.000000',211,211),(1,2,'2025-02-23 00:00:00.000000',212,212),(-3,4,'2025-02-19 00:00:00.000000',213,213),(-1,-2,'2025-02-20 00:00:00.000000',214,214),(2,-1,'2025-02-17 00:00:00.000000',215,215),(0,1,'2025-02-19 00:00:00.000000',216,216),(4,3,'2025-02-20 00:00:00.000000',217,217),(-3,1,'2025-02-21 00:00:00.000000',218,218),(-2,4,'2025-02-18 00:00:00.000000',219,219),(-5,-4,'2025-02-23 00:00:00.000000',220,220),(3,2,'2025-02-23 00:00:00.000000',221,221),(1,1,'2025-02-19 00:00:00.000000',222,222),(4,3,'2025-02-17 00:00:00.000000',223,223),(-5,-1,'2025-02-17 00:00:00.000000',224,224),(2,-4,'2025-02-18 00:00:00.000000',225,225),(-4,-5,'2025-02-15 00:00:00.000000',226,226),(-5,0,'2025-02-18 00:00:00.000000',227,227),(1,-5,'2025-02-19 00:00:00.000000',228,228),(-1,1,'2025-02-23 00:00:00.000000',229,229),(5,3,'2025-02-23 00:00:00.000000',230,230),(4,4,'2025-02-17 00:00:00.000000',231,231),(5,5,'2025-02-16 00:00:00.000000',232,232),(5,2,'2025-02-22 00:00:00.000000',233,233),(-5,2,'2025-02-20 00:00:00.000000',234,234),(3,2,'2025-02-18 00:00:00.000000',235,235),(-3,3,'2025-02-21 00:00:00.000000',236,236),(1,0,'2025-02-19 00:00:00.000000',237,237),(2,4,'2025-02-24 00:00:00.000000',238,238),(2,5,'2025-02-20 00:00:00.000000',239,239),(-4,-3,'2025-02-17 00:00:00.000000',240,240),(0,-3,'2025-02-20 00:00:00.000000',241,241),(0,-5,'2025-02-21 00:00:00.000000',242,242),(-5,2,'2025-02-24 00:00:00.000000',243,243),(-4,-3,'2025-02-15 00:00:00.000000',244,244),(-1,3,'2025-02-22 00:00:00.000000',245,245),(2,5,'2025-02-21 00:00:00.000000',246,246),(-2,5,'2025-02-24 00:00:00.000000',247,247),(4,1,'2025-02-17 00:00:00.000000',248,248),(-1,-2,'2025-02-20 00:00:00.000000',249,249),(5,5,'2025-02-18 00:00:00.000000',250,250),(1,-4,'2025-02-17 00:00:00.000000',251,251),(-5,5,'2025-02-18 00:00:00.000000',252,252),(1,3,'2025-02-17 00:00:00.000000',253,253),(-4,2,'2025-02-15 00:00:00.000000',254,254),(2,-5,'2025-02-15 00:00:00.000000',255,255),(0,-3,'2025-02-19 00:00:00.000000',256,256),(3,5,'2025-02-16 00:00:00.000000',257,257),(0,5,'2025-02-18 00:00:00.000000',258,258),(-4,0,'2025-02-24 00:00:00.000000',259,259),(5,5,'2025-02-16 00:00:00.000000',260,260),(-1,-1,'2025-02-24 00:00:00.000000',261,261),(-5,-3,'2025-02-20 00:00:00.000000',262,262),(5,-2,'2025-02-20 00:00:00.000000',263,263),(4,-5,'2025-02-19 00:00:00.000000',264,264),(3,-3,'2025-02-23 00:00:00.000000',265,265),(5,-3,'2025-02-24 00:00:00.000000',266,266),(-5,-4,'2025-02-20 00:00:00.000000',267,267),(-1,-5,'2025-02-23 00:00:00.000000',268,268),(-1,4,'2025-02-19 00:00:00.000000',269,269),(2,-4,'2025-02-16 00:00:00.000000',270,270),(-3,-4,'2025-02-23 00:00:00.000000',271,271),(-3,0,'2025-02-20 00:00:00.000000',272,272),(0,-4,'2025-02-19 00:00:00.000000',273,273),(1,3,'2025-02-22 00:00:00.000000',274,274),(-2,2,'2025-02-23 00:00:00.000000',275,275),(-5,-3,'2025-02-23 00:00:00.000000',276,276),(5,-3,'2025-02-24 00:00:00.000000',277,277),(-5,-3,'2025-02-15 00:00:00.000000',278,278),(1,-5,'2025-02-15 00:00:00.000000',279,279),(2,5,'2025-02-19 00:00:00.000000',280,280),(-2,5,'2025-02-23 00:00:00.000000',281,281),(1,-2,'2025-02-16 00:00:00.000000',282,282),(0,-4,'2025-02-15 00:00:00.000000',283,283),(-3,-4,'2025-02-15 00:00:00.000000',284,284),(1,-3,'2025-02-17 00:00:00.000000',285,285),(-2,-4,'2025-02-21 00:00:00.000000',286,286),(-4,-4,'2025-02-20 00:00:00.000000',287,287),(4,5,'2025-02-17 00:00:00.000000',288,288),(1,1,'2025-02-19 00:00:00.000000',289,289),(5,-1,'2025-02-21 00:00:00.000000',290,290),(1,3,'2025-02-23 00:00:00.000000',291,291),(-5,-4,'2025-02-16 00:00:00.000000',292,292),(-3,3,'2025-02-19 00:00:00.000000',293,293),(1,0,'2025-02-24 00:00:00.000000',294,294),(5,5,'2025-02-21 00:00:00.000000',295,295),(3,-1,'2025-02-17 00:00:00.000000',296,296),(5,-2,'2025-02-19 00:00:00.000000',297,297),(4,0,'2025-02-23 00:00:00.000000',298,298),(-2,-5,'2025-02-20 00:00:00.000000',299,299),(-2,-5,'2025-02-21 00:00:00.000000',300,300),(-1,-2,'2025-02-18 00:00:00.000000',301,301),(-5,4,'2025-02-20 00:00:00.000000',302,302),(-3,-5,'2025-02-18 00:00:00.000000',303,303),(4,4,'2025-02-20 00:00:00.000000',304,304),(-4,2,'2025-02-20 00:00:00.000000',305,305),(2,-2,'2025-02-22 00:00:00.000000',306,306),(5,0,'2025-02-16 00:00:00.000000',307,307),(-2,-3,'2025-02-16 00:00:00.000000',308,308),(-3,2,'2025-02-16 00:00:00.000000',309,309),(4,4,'2025-02-24 00:00:00.000000',310,310),(1,4,'2025-02-17 00:00:00.000000',311,311),(-1,0,'2025-02-18 00:00:00.000000',312,312),(5,-2,'2025-02-23 00:00:00.000000',313,313),(-1,2,'2025-02-18 00:00:00.000000',314,314),(2,-1,'2025-02-19 00:00:00.000000',315,315),(4,-4,'2025-02-23 00:00:00.000000',316,316),(5,-5,'2025-02-20 00:00:00.000000',317,317),(3,-1,'2025-02-22 00:00:00.000000',318,318),(1,0,'2025-02-20 00:00:00.000000',319,319),(2,-2,'2025-02-18 00:00:00.000000',320,320),(-4,-1,'2025-02-17 00:00:00.000000',321,321),(-5,-1,'2025-02-20 00:00:00.000000',322,322),(5,3,'2025-02-15 00:00:00.000000',323,323),(-5,2,'2025-02-18 00:00:00.000000',324,324),(1,4,'2025-02-20 00:00:00.000000',325,325),(0,-1,'2025-02-21 00:00:00.000000',326,326),(1,0,'2025-02-24 00:00:00.000000',327,327),(-4,2,'2025-02-16 00:00:00.000000',328,328),(0,1,'2025-02-17 00:00:00.000000',329,329),(-5,-5,'2025-02-22 00:00:00.000000',330,330),(4,3,'2025-02-23 00:00:00.000000',331,331),(3,3,'2025-02-15 00:00:00.000000',332,332),(-3,-1,'2025-02-19 00:00:00.000000',333,333),(3,3,'2025-02-24 00:00:00.000000',334,334),(-2,0,'2025-02-22 00:00:00.000000',335,335),(5,1,'2025-02-21 00:00:00.000000',336,336),(0,-5,'2025-02-23 00:00:00.000000',337,337),(-5,0,'2025-02-24 00:00:00.000000',338,338),(5,5,'2025-02-15 00:00:00.000000',339,339),(3,1,'2025-02-23 00:00:00.000000',340,340),(4,-4,'2025-02-18 00:00:00.000000',341,341),(4,4,'2025-02-17 00:00:00.000000',342,342),(2,5,'2025-02-17 00:00:00.000000',343,343),(2,-3,'2025-02-20 00:00:00.000000',344,344),(5,-1,'2025-02-24 00:00:00.000000',345,345),(4,5,'2025-02-19 00:00:00.000000',346,346),(-3,-1,'2025-02-18 00:00:00.000000',347,347),(-2,1,'2025-02-17 00:00:00.000000',348,348),(-1,2,'2025-02-17 00:00:00.000000',349,349),(4,0,'2025-02-17 00:00:00.000000',350,350),(-3,4,'2025-02-20 00:00:00.000000',351,351),(2,-4,'2025-02-20 00:00:00.000000',352,352),(-2,5,'2025-02-21 00:00:00.000000',353,353),(1,-2,'2025-02-15 00:00:00.000000',354,354),(-5,-2,'2025-02-22 00:00:00.000000',355,355),(3,-2,'2025-02-20 00:00:00.000000',356,356),(-3,-3,'2025-02-18 00:00:00.000000',357,357),(5,-3,'2025-02-22 00:00:00.000000',358,358),(-2,0,'2025-02-15 00:00:00.000000',359,359),(-5,-1,'2025-02-15 00:00:00.000000',360,360),(3,3,'2025-02-15 00:00:00.000000',361,361),(2,1,'2025-02-18 00:00:00.000000',362,362),(-1,0,'2025-02-16 00:00:00.000000',363,363),(0,-1,'2025-02-20 00:00:00.000000',364,364),(2,2,'2025-02-20 00:00:00.000000',365,365),(5,4,'2025-02-18 00:00:00.000000',366,366),(2,-3,'2025-02-15 00:00:00.000000',367,367),(4,-3,'2025-02-18 00:00:00.000000',368,368),(-4,1,'2025-02-21 00:00:00.000000',369,369),(-2,-1,'2025-02-22 00:00:00.000000',370,370),(5,-3,'2025-02-23 00:00:00.000000',371,371),(-2,-4,'2025-02-20 00:00:00.000000',372,372),(4,2,'2025-02-24 00:00:00.000000',373,373),(5,-1,'2025-02-20 00:00:00.000000',374,374),(-4,0,'2025-02-21 00:00:00.000000',375,375),(2,-2,'2025-02-15 00:00:00.000000',376,376),(5,-3,'2025-02-21 00:00:00.000000',377,377),(5,5,'2025-02-16 00:00:00.000000',378,378),(-4,1,'2025-02-24 00:00:00.000000',379,379),(-2,2,'2025-02-20 00:00:00.000000',380,380),(3,2,'2025-02-18 00:00:00.000000',381,381),(-2,-5,'2025-02-15 00:00:00.000000',382,382),(-4,2,'2025-02-18 00:00:00.000000',383,383),(-1,1,'2025-02-16 00:00:00.000000',384,384),(3,3,'2025-02-19 00:00:00.000000',385,385),(-1,-5,'2025-02-24 00:00:00.000000',386,386),(5,-1,'2025-02-16 00:00:00.000000',387,387),(2,4,'2025-02-21 00:00:00.000000',388,388),(2,0,'2025-02-16 00:00:00.000000',389,389),(-1,-4,'2025-02-21 00:00:00.000000',390,390),(3,-2,'2025-02-20 00:00:00.000000',391,391),(2,5,'2025-02-18 00:00:00.000000',392,392),(-5,0,'2025-02-20 00:00:00.000000',393,393),(0,1,'2025-02-22 00:00:00.000000',394,394),(-2,2,'2025-02-15 00:00:00.000000',395,395),(1,-5,'2025-02-20 00:00:00.000000',396,396),(0,4,'2025-02-22 00:00:00.000000',397,397),(1,5,'2025-02-24 00:00:00.000000',398,398),(1,-3,'2025-02-19 00:00:00.000000',399,399),(-3,0,'2025-02-18 00:00:00.000000',400,400),(2,-1,'2025-02-20 00:00:00.000000',401,401),(2,0,'2025-02-16 00:00:00.000000',402,402),(5,-3,'2025-02-15 00:00:00.000000',403,403),(-4,-1,'2025-02-21 00:00:00.000000',404,404),(0,1,'2025-02-22 00:00:00.000000',405,405),(-4,-5,'2025-02-24 00:00:00.000000',406,406),(1,3,'2025-02-18 00:00:00.000000',407,407),(-3,3,'2025-02-19 00:00:00.000000',408,408),(1,4,'2025-02-17 00:00:00.000000',409,409),(3,-1,'2025-02-21 00:00:00.000000',410,410),(1,-5,'2025-02-23 00:00:00.000000',411,411),(-2,2,'2025-02-16 00:00:00.000000',412,412),(1,-4,'2025-02-21 00:00:00.000000',413,413),(3,4,'2025-02-15 00:00:00.000000',414,414),(1,-4,'2025-02-20 00:00:00.000000',415,415),(4,-5,'2025-02-18 00:00:00.000000',416,416),(4,2,'2025-02-19 00:00:00.000000',417,417),(-2,0,'2025-02-19 00:00:00.000000',418,418),(1,-5,'2025-02-15 00:00:00.000000',419,419),(-4,-5,'2025-02-15 00:00:00.000000',420,420),(-2,3,'2025-02-21 00:00:00.000000',421,421),(-1,3,'2025-02-19 00:00:00.000000',422,422),(-2,-3,'2025-02-24 00:00:00.000000',423,423),(0,-3,'2025-02-23 00:00:00.000000',424,424),(-1,-5,'2025-02-22 00:00:00.000000',425,425),(-5,-5,'2025-02-23 00:00:00.000000',426,426),(5,0,'2025-02-20 00:00:00.000000',427,427),(2,1,'2025-02-23 00:00:00.000000',428,428),(4,-2,'2025-02-22 00:00:00.000000',429,429),(0,-4,'2025-02-19 00:00:00.000000',430,430),(-3,3,'2025-02-19 00:00:00.000000',431,431),(-2,-4,'2025-02-22 00:00:00.000000',432,432),(-3,1,'2025-02-24 00:00:00.000000',433,433),(5,2,'2025-02-16 00:00:00.000000',434,434),(1,5,'2025-02-22 00:00:00.000000',435,435),(-3,2,'2025-02-18 00:00:00.000000',436,436),(-5,3,'2025-02-23 00:00:00.000000',437,437),(4,-1,'2025-02-23 00:00:00.000000',438,438),(1,2,'2025-02-24 00:00:00.000000',439,439),(1,-4,'2025-02-20 00:00:00.000000',440,440),(-5,1,'2025-02-22 00:00:00.000000',441,441),(-5,-5,'2025-02-16 00:00:00.000000',442,442),(-2,-5,'2025-02-18 00:00:00.000000',443,443),(4,-4,'2025-02-22 00:00:00.000000',444,444),(5,1,'2025-02-15 00:00:00.000000',445,445),(3,0,'2025-02-16 00:00:00.000000',446,446),(0,-4,'2025-02-23 00:00:00.000000',447,447),(1,-2,'2025-02-21 00:00:00.000000',448,448),(-2,-1,'2025-02-19 00:00:00.000000',449,449),(5,4,'2025-02-24 00:00:00.000000',450,450),(-1,1,'2025-02-16 00:00:00.000000',451,451),(3,2,'2025-02-19 00:00:00.000000',452,452),(3,-5,'2025-02-18 00:00:00.000000',453,453),(-1,0,'2025-02-23 00:00:00.000000',454,454),(2,-1,'2025-02-18 00:00:00.000000',455,455),(-2,-5,'2025-02-21 00:00:00.000000',456,456),(-4,-2,'2025-02-20 00:00:00.000000',457,457),(2,-3,'2025-02-18 00:00:00.000000',458,458),(3,1,'2025-02-18 00:00:00.000000',459,459),(1,5,'2025-02-19 00:00:00.000000',460,460),(3,-5,'2025-02-24 00:00:00.000000',461,461),(4,-1,'2025-02-19 00:00:00.000000',462,462),(4,-3,'2025-02-17 00:00:00.000000',463,463),(3,-5,'2025-02-24 00:00:00.000000',464,464),(5,5,'2025-02-16 00:00:00.000000',465,465),(-5,-4,'2025-02-17 00:00:00.000000',466,466),(5,2,'2025-02-17 00:00:00.000000',467,467),(-1,-4,'2025-02-24 00:00:00.000000',468,468),(-1,-3,'2025-02-20 00:00:00.000000',469,469),(3,5,'2025-02-18 00:00:00.000000',470,470),(-2,0,'2025-02-16 00:00:00.000000',471,471),(-4,1,'2025-02-17 00:00:00.000000',472,472),(-2,-5,'2025-02-22 00:00:00.000000',473,473),(3,-3,'2025-02-22 00:00:00.000000',474,474),(3,0,'2025-02-18 00:00:00.000000',475,475),(5,-5,'2025-02-23 00:00:00.000000',476,476),(3,-3,'2025-02-19 00:00:00.000000',477,477),(-3,-2,'2025-02-22 00:00:00.000000',478,478),(-4,-3,'2025-02-17 00:00:00.000000',479,479),(3,2,'2025-02-20 00:00:00.000000',480,480),(-1,1,'2025-02-16 00:00:00.000000',481,481),(-2,-5,'2025-02-17 00:00:00.000000',482,482),(-3,3,'2025-02-18 00:00:00.000000',483,483),(-3,-5,'2025-02-20 00:00:00.000000',484,484),(4,4,'2025-02-21 00:00:00.000000',485,485),(-1,3,'2025-02-19 00:00:00.000000',486,486),(4,1,'2025-02-16 00:00:00.000000',487,487),(4,-1,'2025-02-17 00:00:00.000000',488,488),(4,0,'2025-02-20 00:00:00.000000',489,489),(0,5,'2025-02-20 00:00:00.000000',490,490),(-4,-2,'2025-02-19 00:00:00.000000',491,491),(0,3,'2025-02-22 00:00:00.000000',492,492),(4,-1,'2025-02-15 00:00:00.000000',493,493),(0,-1,'2025-02-19 00:00:00.000000',494,494),(5,-3,'2025-02-18 00:00:00.000000',495,495),(-2,-1,'2025-02-22 00:00:00.000000',496,496),(2,4,'2025-02-15 00:00:00.000000',497,497),(5,-1,'2025-02-15 00:00:00.000000',498,498),(-2,0,'2025-02-23 00:00:00.000000',499,499),(-3,-4,'2025-02-18 00:00:00.000000',500,500),(-1,0,'2025-02-23 00:00:00.000000',501,501),(5,-1,'2025-02-23 00:00:00.000000',502,502),(0,-4,'2025-02-24 00:00:00.000000',503,503),(5,-5,'2025-02-23 00:00:00.000000',504,504),(-4,1,'2025-02-21 00:00:00.000000',505,505),(4,-4,'2025-02-24 00:00:00.000000',506,506),(-4,4,'2025-02-16 00:00:00.000000',507,507),(3,-2,'2025-02-16 00:00:00.000000',508,508),(5,2,'2025-02-18 00:00:00.000000',509,509),(5,-2,'2025-02-23 00:00:00.000000',510,510),(5,5,'2025-02-23 00:00:00.000000',511,511),(0,-2,'2025-02-23 00:00:00.000000',512,512),(3,3,'2025-02-20 00:00:00.000000',513,513),(-5,-3,'2025-02-19 00:00:00.000000',514,514),(4,4,'2025-02-23 00:00:00.000000',515,515),(5,4,'2025-02-20 00:00:00.000000',516,516),(5,5,'2025-02-17 00:00:00.000000',517,517),(3,0,'2025-02-21 00:00:00.000000',518,518),(-4,-3,'2025-02-15 00:00:00.000000',519,519),(-2,-5,'2025-02-24 00:00:00.000000',520,520),(2,2,'2025-02-16 00:00:00.000000',521,521),(-4,2,'2025-02-22 00:00:00.000000',522,522),(1,-1,'2025-02-23 00:00:00.000000',523,523),(-2,2,'2025-02-15 00:00:00.000000',524,524),(-1,3,'2025-02-15 00:00:00.000000',525,525),(3,1,'2025-02-24 00:00:00.000000',526,526),(-3,3,'2025-02-19 00:00:00.000000',527,527),(4,3,'2025-02-23 00:00:00.000000',528,528),(-5,3,'2025-02-15 00:00:00.000000',529,529),(2,0,'2025-02-18 00:00:00.000000',530,530),(-1,4,'2025-02-23 00:00:00.000000',531,531),(-5,4,'2025-02-17 00:00:00.000000',532,532),(-4,-4,'2025-02-22 00:00:00.000000',533,533),(1,1,'2025-02-21 00:00:00.000000',534,534),(3,-1,'2025-02-21 00:00:00.000000',535,535),(-4,5,'2025-02-19 00:00:00.000000',536,536),(0,-2,'2025-02-16 00:00:00.000000',537,537),(2,-3,'2025-02-18 00:00:00.000000',538,538),(5,-3,'2025-02-22 00:00:00.000000',539,539),(-1,4,'2025-02-17 00:00:00.000000',540,540),(3,5,'2025-02-16 00:00:00.000000',541,541),(5,4,'2025-02-19 00:00:00.000000',542,542),(-2,0,'2025-02-20 00:00:00.000000',543,543),(3,-1,'2025-02-24 00:00:00.000000',544,544),(-2,5,'2025-02-18 00:00:00.000000',545,545),(2,-2,'2025-02-15 00:00:00.000000',546,546),(3,-1,'2025-02-24 00:00:00.000000',547,547),(-5,5,'2025-02-21 00:00:00.000000',548,548),(4,3,'2025-02-19 00:00:00.000000',549,549),(5,-2,'2025-02-19 00:00:00.000000',550,550),(-3,4,'2025-02-23 00:00:00.000000',551,551),(4,2,'2025-02-16 00:00:00.000000',552,552),(-3,3,'2025-02-24 00:00:00.000000',553,553),(1,4,'2025-02-23 00:00:00.000000',554,554),(1,-2,'2025-02-21 00:00:00.000000',555,555),(5,1,'2025-02-24 00:00:00.000000',556,556),(-1,3,'2025-02-18 00:00:00.000000',557,557),(0,-1,'2025-02-15 00:00:00.000000',558,558),(-3,1,'2025-02-17 00:00:00.000000',559,559),(-2,3,'2025-02-17 00:00:00.000000',560,560),(-5,-2,'2025-02-17 00:00:00.000000',561,561),(2,-2,'2025-02-21 00:00:00.000000',562,562),(3,-2,'2025-02-18 00:00:00.000000',563,563),(0,3,'2025-02-17 00:00:00.000000',564,564),(4,-3,'2025-02-18 00:00:00.000000',565,565),(-4,-5,'2025-02-18 00:00:00.000000',566,566),(-2,0,'2025-02-20 00:00:00.000000',567,567),(-5,5,'2025-02-16 00:00:00.000000',568,568),(-3,0,'2025-02-16 00:00:00.000000',569,569),(-1,1,'2025-02-20 00:00:00.000000',570,570),(0,-5,'2025-02-24 00:00:00.000000',571,571),(1,-4,'2025-02-16 00:00:00.000000',572,572),(3,-1,'2025-02-20 00:00:00.000000',573,573),(-5,5,'2025-02-22 00:00:00.000000',574,574),(-2,-3,'2025-02-23 00:00:00.000000',575,575),(4,-1,'2025-02-22 00:00:00.000000',576,576),(4,-1,'2025-02-23 00:00:00.000000',577,577),(4,5,'2025-02-19 00:00:00.000000',578,578),(-1,4,'2025-02-19 00:00:00.000000',579,579),(-3,1,'2025-02-20 00:00:00.000000',580,580),(-1,0,'2025-02-16 00:00:00.000000',581,581),(1,3,'2025-02-15 00:00:00.000000',582,582),(3,-2,'2025-02-15 00:00:00.000000',583,583),(5,-1,'2025-02-17 00:00:00.000000',584,584),(3,5,'2025-02-22 00:00:00.000000',585,585),(5,5,'2025-02-22 00:00:00.000000',586,586),(-5,-1,'2025-02-15 00:00:00.000000',587,587),(-2,2,'2025-02-16 00:00:00.000000',588,588),(-4,-5,'2025-02-19 00:00:00.000000',589,589),(0,4,'2025-02-19 00:00:00.000000',590,590),(-3,-1,'2025-02-20 00:00:00.000000',591,591),(-2,-1,'2025-02-24 00:00:00.000000',592,592),(4,-4,'2025-02-15 00:00:00.000000',593,593),(-1,4,'2025-02-23 00:00:00.000000',594,594),(1,-2,'2025-02-23 00:00:00.000000',595,595),(-5,5,'2025-02-15 00:00:00.000000',596,596),(2,3,'2025-02-19 00:00:00.000000',597,597),(-5,-5,'2025-02-21 00:00:00.000000',598,598),(4,3,'2025-02-17 00:00:00.000000',599,599),(-3,4,'2025-02-23 00:00:00.000000',600,600),(4,-2,'2025-02-19 00:00:00.000000',601,601),(0,-4,'2025-02-21 00:00:00.000000',602,602),(-2,5,'2025-02-17 00:00:00.000000',603,603),(5,0,'2025-02-22 00:00:00.000000',604,604),(-2,-3,'2025-02-21 00:00:00.000000',605,605),(3,3,'2025-02-22 00:00:00.000000',606,606),(0,3,'2025-02-18 00:00:00.000000',607,607),(-4,2,'2025-02-20 00:00:00.000000',608,608),(0,-1,'2025-02-18 00:00:00.000000',609,609),(-4,-1,'2025-02-20 00:00:00.000000',610,610),(-5,-3,'2025-02-15 00:00:00.000000',611,611),(1,-3,'2025-02-20 00:00:00.000000',612,612),(-4,-1,'2025-02-24 00:00:00.000000',613,613),(-2,1,'2025-02-21 00:00:00.000000',614,614),(4,-1,'2025-02-21 00:00:00.000000',615,615),(2,-3,'2025-02-24 00:00:00.000000',616,616),(0,-1,'2025-02-18 00:00:00.000000',617,617),(2,-5,'2025-02-16 00:00:00.000000',618,618),(-5,4,'2025-02-15 00:00:00.000000',619,619),(3,-5,'2025-02-21 00:00:00.000000',620,620),(-3,0,'2025-02-22 00:00:00.000000',621,621),(4,2,'2025-02-15 00:00:00.000000',622,622),(-4,-2,'2025-02-18 00:00:00.000000',623,623),(-1,-2,'2025-02-23 00:00:00.000000',624,624),(-3,-5,'2025-02-24 00:00:00.000000',625,625),(2,0,'2025-02-19 00:00:00.000000',626,626),(1,0,'2025-02-17 00:00:00.000000',627,627),(-3,-3,'2025-02-24 00:00:00.000000',628,628),(0,1,'2025-02-21 00:00:00.000000',629,629),(-1,5,'2025-02-17 00:00:00.000000',630,630),(1,3,'2025-02-22 00:00:00.000000',631,631),(3,-1,'2025-02-15 00:00:00.000000',632,632),(-5,-4,'2025-02-16 00:00:00.000000',633,633),(-4,-2,'2025-02-24 00:00:00.000000',634,634),(3,-4,'2025-02-19 00:00:00.000000',635,635),(-4,-3,'2025-02-20 00:00:00.000000',636,636),(2,0,'2025-02-19 00:00:00.000000',637,637),(-4,-2,'2025-02-15 00:00:00.000000',638,638),(-3,0,'2025-02-15 00:00:00.000000',639,639),(3,-3,'2025-02-21 00:00:00.000000',640,640),(2,4,'2025-02-22 00:00:00.000000',641,641),(-3,-4,'2025-02-23 00:00:00.000000',642,642),(-4,-1,'2025-02-17 00:00:00.000000',643,643),(0,4,'2025-02-18 00:00:00.000000',644,644),(3,-5,'2025-02-16 00:00:00.000000',645,645),(-3,-5,'2025-02-22 00:00:00.000000',646,646),(-2,-5,'2025-02-23 00:00:00.000000',647,647),(-5,-1,'2025-02-22 00:00:00.000000',648,648),(-4,5,'2025-02-16 00:00:00.000000',649,649),(-1,5,'2025-02-23 00:00:00.000000',650,650),(0,3,'2025-02-23 00:00:00.000000',651,651),(1,0,'2025-02-19 00:00:00.000000',652,652),(1,2,'2025-02-20 00:00:00.000000',653,653),(-5,-5,'2025-02-23 00:00:00.000000',654,654),(3,5,'2025-02-21 00:00:00.000000',655,655),(-1,-4,'2025-02-19 00:00:00.000000',656,656),(-3,-1,'2025-02-19 00:00:00.000000',657,657),(-5,2,'2025-02-20 00:00:00.000000',658,658),(5,-2,'2025-02-24 00:00:00.000000',659,659),(1,4,'2025-02-15 00:00:00.000000',660,660),(0,5,'2025-02-15 00:00:00.000000',661,661),(4,3,'2025-02-17 00:00:00.000000',662,662),(-3,-3,'2025-02-24 00:00:00.000000',663,663),(0,-5,'2025-02-22 00:00:00.000000',664,664),(2,4,'2025-02-21 00:00:00.000000',665,665),(-4,-5,'2025-02-21 00:00:00.000000',666,666),(-1,3,'2025-02-15 00:00:00.000000',667,667),(0,-1,'2025-02-23 00:00:00.000000',668,668),(3,4,'2025-02-15 00:00:00.000000',669,669),(1,5,'2025-02-22 00:00:00.000000',670,670),(-2,5,'2025-02-17 00:00:00.000000',671,671),(-1,-5,'2025-02-23 00:00:00.000000',672,672),(-4,2,'2025-02-19 00:00:00.000000',673,673),(-5,-3,'2025-02-23 00:00:00.000000',674,674),(-1,-3,'2025-02-18 00:00:00.000000',675,675),(2,-4,'2025-02-19 00:00:00.000000',676,676),(-4,-5,'2025-02-18 00:00:00.000000',677,677),(2,5,'2025-02-18 00:00:00.000000',678,678),(2,-2,'2025-02-16 00:00:00.000000',679,679),(-3,1,'2025-02-17 00:00:00.000000',680,680),(3,5,'2025-02-24 00:00:00.000000',681,681),(-1,2,'2025-02-23 00:00:00.000000',682,682),(3,2,'2025-02-15 00:00:00.000000',683,683),(0,2,'2025-02-23 00:00:00.000000',684,684),(5,4,'2025-02-15 00:00:00.000000',685,685),(-4,-1,'2025-02-21 00:00:00.000000',686,686),(-1,3,'2025-02-21 00:00:00.000000',687,687),(-4,5,'2025-02-18 00:00:00.000000',688,688),(-3,-4,'2025-02-17 00:00:00.000000',689,689),(3,4,'2025-02-17 00:00:00.000000',690,690),(-3,-2,'2025-02-21 00:00:00.000000',691,691),(3,-1,'2025-02-22 00:00:00.000000',692,692),(4,-3,'2025-02-19 00:00:00.000000',693,693),(1,-3,'2025-02-17 00:00:00.000000',694,694),(1,-4,'2025-02-19 00:00:00.000000',695,695),(-2,-1,'2025-02-16 00:00:00.000000',696,696),(3,4,'2025-02-19 00:00:00.000000',697,697),(0,-3,'2025-02-18 00:00:00.000000',698,698),(-4,-2,'2025-02-17 00:00:00.000000',699,699),(2,-4,'2025-02-21 00:00:00.000000',700,700),(0,-4,'2025-02-20 00:00:00.000000',701,701),(-4,3,'2025-02-20 00:00:00.000000',702,702),(0,-2,'2025-02-17 00:00:00.000000',703,703),(0,4,'2025-02-18 00:00:00.000000',704,704),(-4,-1,'2025-02-22 00:00:00.000000',705,705),(3,5,'2025-02-19 00:00:00.000000',706,706),(-3,2,'2025-02-16 00:00:00.000000',707,707),(-3,-1,'2025-02-19 00:00:00.000000',708,708),(-1,4,'2025-02-17 00:00:00.000000',709,709),(-2,2,'2025-02-21 00:00:00.000000',710,710),(-1,1,'2025-02-22 00:00:00.000000',711,711),(-1,0,'2025-02-22 00:00:00.000000',712,712),(3,-4,'2025-02-21 00:00:00.000000',713,713),(1,-5,'2025-02-22 00:00:00.000000',714,714),(-1,4,'2025-02-15 00:00:00.000000',715,715),(-2,1,'2025-02-17 00:00:00.000000',716,716),(3,-2,'2025-02-22 00:00:00.000000',717,717),(-3,0,'2025-02-21 00:00:00.000000',718,718),(4,1,'2025-02-15 00:00:00.000000',719,719),(-5,0,'2025-02-23 00:00:00.000000',720,720),(3,-5,'2025-02-20 00:00:00.000000',721,721),(0,0,'2025-02-22 00:00:00.000000',722,722),(-4,0,'2025-02-20 00:00:00.000000',723,723),(1,4,'2025-02-23 00:00:00.000000',724,724),(-5,1,'2025-02-18 00:00:00.000000',725,725),(3,-5,'2025-02-15 00:00:00.000000',726,726),(1,3,'2025-02-20 00:00:00.000000',727,727),(-2,2,'2025-02-18 00:00:00.000000',728,728),(1,-4,'2025-02-23 00:00:00.000000',729,729),(0,0,'2025-02-16 00:00:00.000000',730,730),(0,-2,'2025-02-16 00:00:00.000000',731,731),(5,2,'2025-02-16 00:00:00.000000',732,732),(2,-5,'2025-02-20 00:00:00.000000',733,733),(4,1,'2025-02-17 00:00:00.000000',734,734),(4,4,'2025-02-17 00:00:00.000000',735,735),(5,5,'2025-02-18 00:00:00.000000',736,736),(3,0,'2025-02-20 00:00:00.000000',737,737),(-1,-4,'2025-02-23 00:00:00.000000',738,738),(-3,0,'2025-02-21 00:00:00.000000',739,739),(-4,-3,'2025-02-21 00:00:00.000000',740,740),(5,3,'2025-02-23 00:00:00.000000',741,741),(-4,-2,'2025-02-16 00:00:00.000000',742,742),(4,3,'2025-02-17 00:00:00.000000',743,743),(-4,5,'2025-02-24 00:00:00.000000',744,744),(-5,3,'2025-02-20 00:00:00.000000',745,745),(-3,-2,'2025-02-24 00:00:00.000000',746,746),(1,2,'2025-02-18 00:00:00.000000',747,747),(-5,4,'2025-02-15 00:00:00.000000',748,748),(-2,3,'2025-02-22 00:00:00.000000',749,749),(-4,2,'2025-02-17 00:00:00.000000',750,750),(-5,-3,'2025-02-15 00:00:00.000000',751,751),(-3,-5,'2025-02-17 00:00:00.000000',752,752),(0,-5,'2025-02-21 00:00:00.000000',753,753),(0,-5,'2025-02-17 00:00:00.000000',754,754),(-5,-4,'2025-02-23 00:00:00.000000',755,755),(3,-1,'2025-02-23 00:00:00.000000',756,756),(2,-1,'2025-02-24 00:00:00.000000',757,757),(-3,4,'2025-02-22 00:00:00.000000',758,758),(-5,3,'2025-02-21 00:00:00.000000',759,759),(5,5,'2025-02-15 00:00:00.000000',760,760),(-5,-2,'2025-02-24 00:00:00.000000',761,761),(0,-4,'2025-02-21 00:00:00.000000',762,762),(4,5,'2025-02-23 00:00:00.000000',763,763),(5,-3,'2025-02-23 00:00:00.000000',764,764),(-1,-1,'2025-02-21 00:00:00.000000',765,765),(-1,0,'2025-02-19 00:00:00.000000',766,766),(-2,-5,'2025-02-20 00:00:00.000000',767,767),(-5,5,'2025-02-16 00:00:00.000000',768,768),(-4,0,'2025-02-18 00:00:00.000000',769,769),(4,-5,'2025-02-22 00:00:00.000000',770,770),(-5,-5,'2025-02-23 00:00:00.000000',771,771),(-1,-3,'2025-02-22 00:00:00.000000',772,772),(2,3,'2025-02-17 00:00:00.000000',773,773),(5,2,'2025-02-19 00:00:00.000000',774,774),(-2,3,'2025-02-21 00:00:00.000000',775,775),(-2,-3,'2025-02-21 00:00:00.000000',776,776),(-1,2,'2025-02-23 00:00:00.000000',777,777),(2,-1,'2025-02-21 00:00:00.000000',778,778),(4,-4,'2025-02-22 00:00:00.000000',779,779),(-5,2,'2025-02-22 00:00:00.000000',780,780),(4,-2,'2025-02-17 00:00:00.000000',781,781),(3,1,'2025-02-17 00:00:00.000000',782,782),(-5,3,'2025-02-23 00:00:00.000000',783,783),(-1,-5,'2025-02-17 00:00:00.000000',784,784),(0,-1,'2025-02-22 00:00:00.000000',785,785),(-1,2,'2025-02-23 00:00:00.000000',786,786),(4,-5,'2025-02-18 00:00:00.000000',787,787),(3,-5,'2025-02-18 00:00:00.000000',788,788),(1,-5,'2025-02-15 00:00:00.000000',789,789),(2,-2,'2025-02-18 00:00:00.000000',790,790),(-5,0,'2025-02-22 00:00:00.000000',791,791),(2,-1,'2025-02-21 00:00:00.000000',792,792),(1,3,'2025-02-18 00:00:00.000000',793,793),(-1,-2,'2025-02-24 00:00:00.000000',794,794),(1,5,'2025-02-15 00:00:00.000000',795,795),(4,0,'2025-02-20 00:00:00.000000',796,796),(4,-3,'2025-02-15 00:00:00.000000',797,797),(-2,0,'2025-02-15 00:00:00.000000',798,798),(-2,-5,'2025-02-24 00:00:00.000000',799,799),(-5,3,'2025-02-23 00:00:00.000000',800,800),(-4,-2,'2025-02-15 00:00:00.000000',801,801),(3,0,'2025-02-19 00:00:00.000000',802,802),(-5,4,'2025-02-22 00:00:00.000000',803,803),(2,-2,'2025-02-15 00:00:00.000000',804,804),(-2,-4,'2025-02-22 00:00:00.000000',805,805),(1,0,'2025-02-23 00:00:00.000000',806,806),(1,-1,'2025-02-15 00:00:00.000000',807,807),(-5,-3,'2025-02-23 00:00:00.000000',808,808),(2,2,'2025-02-20 00:00:00.000000',809,809),(-5,4,'2025-02-23 00:00:00.000000',810,810),(-5,-5,'2025-02-22 00:00:00.000000',811,811),(-1,3,'2025-02-18 00:00:00.000000',812,812),(0,-1,'2025-02-23 00:00:00.000000',813,813),(3,0,'2025-02-23 00:00:00.000000',814,814),(-4,3,'2025-02-20 00:00:00.000000',815,815),(-3,-4,'2025-02-21 00:00:00.000000',816,816),(4,2,'2025-02-15 00:00:00.000000',817,817),(5,-1,'2025-02-18 00:00:00.000000',818,818),(1,3,'2025-02-22 00:00:00.000000',819,819),(4,3,'2025-02-17 00:00:00.000000',820,820),(5,5,'2025-02-24 00:00:00.000000',821,821),(4,4,'2025-02-22 00:00:00.000000',822,822),(0,0,'2025-02-24 00:00:00.000000',823,823),(0,3,'2025-02-17 00:00:00.000000',824,824),(-3,1,'2025-02-19 00:00:00.000000',825,825),(-1,-5,'2025-02-17 00:00:00.000000',826,826),(1,-2,'2025-02-22 00:00:00.000000',827,827),(-1,-5,'2025-02-19 00:00:00.000000',828,828),(4,-5,'2025-02-15 00:00:00.000000',829,829),(-4,3,'2025-02-18 00:00:00.000000',830,830),(-1,-2,'2025-02-24 00:00:00.000000',831,831),(-2,5,'2025-02-24 00:00:00.000000',832,832),(1,-3,'2025-02-19 00:00:00.000000',833,833),(-5,-3,'2025-02-16 00:00:00.000000',834,834),(-1,-5,'2025-02-19 00:00:00.000000',835,835),(-1,3,'2025-02-19 00:00:00.000000',836,836),(1,-2,'2025-02-16 00:00:00.000000',837,837),(-4,1,'2025-02-17 00:00:00.000000',838,838),(1,-1,'2025-02-20 00:00:00.000000',839,839),(2,0,'2025-02-16 00:00:00.000000',840,840),(5,1,'2025-02-24 00:00:00.000000',841,841),(-4,2,'2025-02-15 00:00:00.000000',842,842),(-2,4,'2025-02-17 00:00:00.000000',843,843),(-1,-4,'2025-02-19 00:00:00.000000',844,844),(5,-1,'2025-02-17 00:00:00.000000',845,845),(2,4,'2025-02-23 00:00:00.000000',846,846),(-3,3,'2025-02-18 00:00:00.000000',847,847),(1,-3,'2025-02-17 00:00:00.000000',848,848),(-5,-2,'2025-02-15 00:00:00.000000',849,849),(-1,-3,'2025-02-24 00:00:00.000000',850,850),(1,-2,'2025-02-19 00:00:00.000000',851,851),(0,-5,'2025-02-21 00:00:00.000000',852,852),(0,-4,'2025-02-18 00:00:00.000000',853,853),(-2,-3,'2025-02-20 00:00:00.000000',854,854),(5,-3,'2025-02-17 00:00:00.000000',855,855),(5,-4,'2025-02-16 00:00:00.000000',856,856),(-2,-4,'2025-02-20 00:00:00.000000',857,857),(-5,-4,'2025-02-19 00:00:00.000000',858,858),(5,-4,'2025-02-17 00:00:00.000000',859,859),(3,-2,'2025-02-24 00:00:00.000000',860,860),(-2,5,'2025-02-18 00:00:00.000000',861,861),(4,-4,'2025-02-24 00:00:00.000000',862,862),(3,1,'2025-02-18 00:00:00.000000',863,863),(-2,2,'2025-02-18 00:00:00.000000',864,864),(1,2,'2025-02-21 00:00:00.000000',865,865),(-4,2,'2025-02-18 00:00:00.000000',866,866),(0,-3,'2025-02-17 00:00:00.000000',867,867),(1,0,'2025-02-18 00:00:00.000000',868,868),(3,-2,'2025-02-23 00:00:00.000000',869,869),(2,-4,'2025-02-16 00:00:00.000000',870,870),(-3,-3,'2025-02-20 00:00:00.000000',871,871),(0,-2,'2025-02-15 00:00:00.000000',872,872),(1,1,'2025-02-24 00:00:00.000000',873,873),(-3,-1,'2025-02-24 00:00:00.000000',874,874),(4,4,'2025-02-19 00:00:00.000000',875,875),(-5,-5,'2025-02-15 00:00:00.000000',876,876),(5,4,'2025-02-21 00:00:00.000000',877,877),(-4,-1,'2025-02-22 00:00:00.000000',878,878),(4,-4,'2025-02-15 00:00:00.000000',879,879),(3,3,'2025-02-15 00:00:00.000000',880,880),(3,-1,'2025-02-17 00:00:00.000000',881,881),(-2,5,'2025-02-23 00:00:00.000000',882,882),(0,5,'2025-02-22 00:00:00.000000',883,883),(-5,-5,'2025-02-15 00:00:00.000000',884,884),(5,2,'2025-02-18 00:00:00.000000',885,885),(4,-1,'2025-02-18 00:00:00.000000',886,886),(-4,-4,'2025-02-23 00:00:00.000000',887,887),(-5,5,'2025-02-16 00:00:00.000000',888,888),(5,-2,'2025-02-21 00:00:00.000000',889,889),(1,0,'2025-02-23 00:00:00.000000',890,890),(1,4,'2025-02-21 00:00:00.000000',891,891),(5,-3,'2025-02-18 00:00:00.000000',892,892),(5,-2,'2025-02-20 00:00:00.000000',893,893),(2,-2,'2025-02-20 00:00:00.000000',894,894),(-4,1,'2025-02-18 00:00:00.000000',895,895),(5,5,'2025-02-22 00:00:00.000000',896,896),(-5,-1,'2025-02-24 00:00:00.000000',897,897),(3,4,'2025-02-22 00:00:00.000000',898,898),(5,0,'2025-02-15 00:00:00.000000',899,899),(5,-3,'2025-02-16 00:00:00.000000',900,900),(3,-4,'2025-02-16 00:00:00.000000',901,901),(-4,-1,'2025-02-23 00:00:00.000000',902,902),(-2,-5,'2025-02-16 00:00:00.000000',903,903),(3,3,'2025-02-23 00:00:00.000000',904,904),(5,-4,'2025-02-23 00:00:00.000000',905,905),(4,5,'2025-02-16 00:00:00.000000',906,906),(-1,1,'2025-02-15 00:00:00.000000',907,907),(-5,-2,'2025-02-17 00:00:00.000000',908,908),(-2,4,'2025-02-22 00:00:00.000000',909,909),(-1,2,'2025-02-17 00:00:00.000000',910,910),(1,-2,'2025-02-21 00:00:00.000000',911,911),(3,4,'2025-02-18 00:00:00.000000',912,912),(0,-4,'2025-02-20 00:00:00.000000',913,913),(4,-2,'2025-02-24 00:00:00.000000',914,914),(-2,-2,'2025-02-21 00:00:00.000000',915,915),(-2,-4,'2025-02-24 00:00:00.000000',916,916),(5,-5,'2025-02-23 00:00:00.000000',917,917),(4,-5,'2025-02-22 00:00:00.000000',918,918),(-3,4,'2025-02-22 00:00:00.000000',919,919),(-4,2,'2025-02-24 00:00:00.000000',920,920),(0,4,'2025-02-15 00:00:00.000000',921,921),(-2,0,'2025-02-20 00:00:00.000000',922,922),(-5,2,'2025-02-20 00:00:00.000000',923,923),(3,0,'2025-02-17 00:00:00.000000',924,924),(-2,3,'2025-02-20 00:00:00.000000',925,925),(-3,-3,'2025-02-19 00:00:00.000000',926,926),(-1,1,'2025-02-22 00:00:00.000000',927,927),(-1,4,'2025-02-22 00:00:00.000000',928,928),(-1,-4,'2025-02-21 00:00:00.000000',929,929),(5,3,'2025-02-16 00:00:00.000000',930,930),(-4,-5,'2025-02-23 00:00:00.000000',931,931),(5,-1,'2025-02-17 00:00:00.000000',932,932),(-3,-2,'2025-02-16 00:00:00.000000',933,933),(-3,4,'2025-02-23 00:00:00.000000',934,934),(3,1,'2025-02-20 00:00:00.000000',935,935),(-5,-2,'2025-02-23 00:00:00.000000',936,936),(-1,3,'2025-02-20 00:00:00.000000',937,937),(-3,4,'2025-02-16 00:00:00.000000',938,938),(-1,-5,'2025-02-22 00:00:00.000000',939,939),(-2,3,'2025-02-20 00:00:00.000000',940,940),(3,1,'2025-02-17 00:00:00.000000',941,941),(5,1,'2025-02-21 00:00:00.000000',942,942),(3,4,'2025-02-24 00:00:00.000000',943,943),(-4,4,'2025-02-17 00:00:00.000000',944,944),(-4,-5,'2025-02-21 00:00:00.000000',945,945),(-2,1,'2025-02-18 00:00:00.000000',946,946),(0,-5,'2025-02-24 00:00:00.000000',947,947),(3,-2,'2025-02-21 00:00:00.000000',948,948),(1,0,'2025-02-16 00:00:00.000000',949,949),(1,-1,'2025-02-16 00:00:00.000000',950,950),(-5,4,'2025-02-21 00:00:00.000000',951,951),(5,-1,'2025-02-23 00:00:00.000000',952,952),(1,-1,'2025-02-22 00:00:00.000000',953,953),(4,2,'2025-02-16 00:00:00.000000',954,954),(2,-3,'2025-02-23 00:00:00.000000',955,955),(-4,1,'2025-02-20 00:00:00.000000',956,956),(1,-3,'2025-02-18 00:00:00.000000',957,957),(-5,4,'2025-02-18 00:00:00.000000',958,958),(5,-4,'2025-02-20 00:00:00.000000',959,959),(0,4,'2025-02-15 00:00:00.000000',960,960),(2,5,'2025-02-20 00:00:00.000000',961,961),(-3,-1,'2025-02-23 00:00:00.000000',962,962),(-4,-2,'2025-02-22 00:00:00.000000',963,963),(-1,-4,'2025-02-21 00:00:00.000000',964,964),(0,-3,'2025-02-19 00:00:00.000000',965,965),(-2,5,'2025-02-20 00:00:00.000000',966,966),(1,4,'2025-02-19 00:00:00.000000',967,967),(-2,1,'2025-02-20 00:00:00.000000',968,968),(-3,5,'2025-02-24 00:00:00.000000',969,969),(-2,3,'2025-02-22 00:00:00.000000',970,970),(-5,5,'2025-02-17 00:00:00.000000',971,971),(-1,2,'2025-02-23 00:00:00.000000',972,972),(0,5,'2025-02-22 00:00:00.000000',973,973),(-3,2,'2025-02-16 00:00:00.000000',974,974),(3,0,'2025-02-24 00:00:00.000000',975,975),(3,-3,'2025-02-22 00:00:00.000000',976,976),(5,-1,'2025-02-18 00:00:00.000000',977,977),(-1,-3,'2025-02-18 00:00:00.000000',978,978),(-2,-3,'2025-02-22 00:00:00.000000',979,979),(4,-4,'2025-02-18 00:00:00.000000',980,980),(-3,4,'2025-02-22 00:00:00.000000',981,981),(-4,-5,'2025-02-19 00:00:00.000000',982,982),(-1,-5,'2025-02-19 00:00:00.000000',983,983),(3,0,'2025-02-19 00:00:00.000000',984,984),(2,-3,'2025-02-21 00:00:00.000000',985,985),(5,1,'2025-02-15 00:00:00.000000',986,986),(2,-3,'2025-02-23 00:00:00.000000',987,987),(-4,-1,'2025-02-15 00:00:00.000000',988,988),(-5,1,'2025-02-17 00:00:00.000000',989,989),(-1,4,'2025-02-16 00:00:00.000000',990,990),(-1,-3,'2025-02-23 00:00:00.000000',991,991),(-4,1,'2025-02-19 00:00:00.000000',992,992),(3,-5,'2025-02-21 00:00:00.000000',993,993),(-1,-5,'2025-02-21 00:00:00.000000',994,994),(0,2,'2025-02-15 00:00:00.000000',995,995),(5,-4,'2025-02-16 00:00:00.000000',996,996),(-3,-1,'2025-02-17 00:00:00.000000',997,997),(-3,3,'2025-02-16 00:00:00.000000',998,998),(-2,3,'2025-02-19 00:00:00.000000',999,999),(-3,4,'2025-02-18 00:00:00.000000',1000,1000),(3.17822,2.5837,'2025-02-20 17:45:08.040915',1001,1001),(-4.51919,-0.997193,'2025-02-20 17:48:31.590385',1002,1002),(4.84484,2.46564,'2025-02-20 17:49:01.461230',1003,1003),(-3.64919,-2.33916,'2025-02-20 17:51:03.734786',1004,1004),(3.11002,1.09812,'2025-02-20 17:53:39.598851',1005,1005),(0.112055,0.0644092,'2025-02-20 19:40:54.179452',1006,1006),(3.81109,3.482,'2025-02-20 19:56:48.234556',1009,1009),(-2.99272,-0.299693,'2025-02-20 19:57:06.662828',1010,1010),(0.176448,-0.823648,'2025-02-20 19:57:20.020645',1011,1011),(-3.78621,-1.16958,'2025-02-20 20:09:50.583773',1013,1014),(-0.0580663,-2.16706,'2025-02-20 20:20:47.809786',1014,1015),(-4.82077,-1.9546,'2025-02-20 20:22:45.835365',1015,1017),(3.28374,2.96759,'2025-02-20 20:23:10.345727',1016,1018),(-3.96436,3.30566,'2025-02-20 20:23:39.743446',1017,1019),(4.00717,3.71313,'2025-02-20 20:24:00.785551',1018,1020);
/*!40000 ALTER TABLE `diary_emotion` ENABLE KEYS */;
UNLOCK TABLES;

--
-- Table structure for table `diary_hashtag`
--

DROP TABLE IF EXISTS `diary_hashtag`;
/*!40101 SET @saved_cs_client     = @@character_set_client */;
/*!50503 SET character_set_client = utf8mb4 */;
CREATE TABLE `diary_hashtag` (
  `diary_hashtag_id` bigint NOT NULL AUTO_INCREMENT,
  `diary_id` bigint DEFAULT NULL,
  `hashtag` enum('','','','','','','','','','','','','','','','','','','','','','','','','','','','','','') DEFAULT NULL,
  PRIMARY KEY (`diary_hashtag_id`),
  KEY `FK914quowc6fwrt3u6nl8tv934y` (`diary_id`),
  CONSTRAINT `FK914quowc6fwrt3u6nl8tv934y` FOREIGN KEY (`diary_id`) REFERENCES `diary` (`diary_id`)
) ENGINE=InnoDB AUTO_INCREMENT=40 DEFAULT CHARSET=utf8mb4 COLLATE=utf8mb4_0900_ai_ci;
/*!40101 SET character_set_client = @saved_cs_client */;

--
-- Dumping data for table `diary_hashtag`
--

LOCK TABLES `diary_hashtag` WRITE;
/*!40000 ALTER TABLE `diary_hashtag` DISABLE KEYS */;
INSERT INTO `diary_hashtag` VALUES (1,1001,''),(2,1001,''),(3,1001,''),(4,1001,''),(5,1002,''),(6,1002,''),(7,1003,''),(8,1004,''),(9,1004,''),(10,1005,''),(11,1005,''),(12,1006,''),(13,1006,''),(14,1006,''),(21,1009,''),(22,1009,''),(23,1009,''),(24,1010,''),(25,1010,''),(26,1010,''),(27,1010,''),(28,1011,''),(29,1011,''),(30,1011,''),(33,1014,''),(34,1014,''),(35,1015,''),(36,1017,''),(37,1018,''),(38,1019,''),(39,1020,'');
/*!40000 ALTER TABLE `diary_hashtag` ENABLE KEYS */;
UNLOCK TABLES;

--
-- Table structure for table `diary_image`
--

DROP TABLE IF EXISTS `diary_image`;
/*!40101 SET @saved_cs_client     = @@character_set_client */;
/*!50503 SET character_set_client = utf8mb4 */;
CREATE TABLE `diary_image` (
  `created_at` datetime(6) DEFAULT NULL,
  `diary_id` bigint NOT NULL,
  `diary_image_id` bigint NOT NULL AUTO_INCREMENT,
  `updated_at` datetime(6) DEFAULT NULL,
  `save_file_path` varchar(255) NOT NULL,
  PRIMARY KEY (`diary_image_id`),
  UNIQUE KEY `UKhmts6t0or4727nj7g6fcikx1y` (`diary_id`),
  CONSTRAINT `FKlqq77k7ifchoc8dcak4jyb06y` FOREIGN KEY (`diary_id`) REFERENCES `diary` (`diary_id`)
) ENGINE=InnoDB AUTO_INCREMENT=5 DEFAULT CHARSET=utf8mb4 COLLATE=utf8mb4_0900_ai_ci;
/*!40101 SET character_set_client = @saved_cs_client */;

--
-- Dumping data for table `diary_image`
--

LOCK TABLES `diary_image` WRITE;
/*!40000 ALTER TABLE `diary_image` DISABLE KEYS */;
INSERT INTO `diary_image` VALUES ('2025-02-20 17:48:55.757852',1002,1,'2025-02-20 17:48:55.757862','https://starbooks.s3.ap-northeast-2.amazonaws.com/backend/31d3bbe6-da5b-46de-9488-c92eba6824f9_RED.png'),('2025-02-20 17:49:09.125861',1003,2,'2025-02-20 17:49:09.125871','https://starbooks.s3.ap-northeast-2.amazonaws.com/backend/d640bb17-ed0d-4064-923f-208bbfc0343a_PINK.png'),('2025-02-20 19:42:11.102602',1006,3,'2025-02-20 19:42:11.102612','https://starbooks.s3.ap-northeast-2.amazonaws.com/backend/83a599dc-afaa-4c31-8d27-7e37a046ddce_BeautyPlus-BG-REMOVER-1740034411255.png');
/*!40000 ALTER TABLE `diary_image` ENABLE KEYS */;
UNLOCK TABLES;

--
-- Table structure for table `hashtag_stats`
--

DROP TABLE IF EXISTS `hashtag_stats`;
/*!40101 SET @saved_cs_client     = @@character_set_client */;
/*!50503 SET character_set_client = utf8mb4 */;
CREATE TABLE `hashtag_stats` (
  `last_updated_at` datetime(6) DEFAULT NULL,
  `usage_count` bigint DEFAULT NULL,
  `hashtag_type` enum('','','','','','','','','','','','','','','','','','','','','','','','','','','','','','') NOT NULL,
  PRIMARY KEY (`hashtag_type`)
) ENGINE=InnoDB DEFAULT CHARSET=utf8mb4 COLLATE=utf8mb4_0900_ai_ci;
/*!40101 SET character_set_client = @saved_cs_client */;

--
-- Dumping data for table `hashtag_stats`
--

LOCK TABLES `hashtag_stats` WRITE;
/*!40000 ALTER TABLE `hashtag_stats` DISABLE KEYS */;
INSERT INTO `hashtag_stats` VALUES ('2025-02-20 20:00:38.395329',1,''),('2025-02-20 20:23:10.348637',3,''),('2025-02-20 20:00:38.399630',2,''),('2025-02-20 19:57:06.658972',1,''),('2025-02-20 19:56:48.237015',5,''),('2025-02-20 19:57:06.662210',1,''),('2025-02-20 20:24:00.788048',2,''),('2025-02-20 20:09:50.586152',2,''),('2025-02-20 20:22:45.838311',2,''),('2025-02-20 19:54:33.649491',2,''),('2025-02-20 19:57:20.019702',1,''),('2025-02-20 20:09:50.586199',3,''),('2025-02-20 19:57:20.018858',1,''),('2025-02-20 20:20:47.809556',1,''),('2025-02-20 19:57:06.667917',2,''),('2025-02-20 17:53:39.598631',1,''),('2025-02-20 19:57:06.660020',1,''),('2025-02-20 19:54:33.649468',2,''),('2025-02-20 19:56:48.237055',3,''),('2025-02-20 20:23:39.743248',1,''),('2025-02-20 19:40:54.187444',2,'');
/*!40000 ALTER TABLE `hashtag_stats` ENABLE KEYS */;
UNLOCK TABLES;

--
-- Table structure for table `personal_univ`
--

DROP TABLE IF EXISTS `personal_univ`;
/*!40101 SET @saved_cs_client     = @@character_set_client */;
/*!50503 SET character_set_client = utf8mb4 */;
CREATE TABLE `personal_univ` (
  `x_coord` float DEFAULT NULL,
  `y_coord` float DEFAULT NULL,
  `diary_emotion_id` bigint NOT NULL,
  `universe_id` bigint NOT NULL AUTO_INCREMENT,
  `updated_at` datetime(6) NOT NULL,
  PRIMARY KEY (`universe_id`),
  UNIQUE KEY `UKhocblfepwfwhsdmyo8qnkiue2` (`diary_emotion_id`),
  CONSTRAINT `FK8c4fmxael9chcr5d2o92uk4dl` FOREIGN KEY (`diary_emotion_id`) REFERENCES `diary_emotion` (`diary_emotion_id`) ON DELETE CASCADE
) ENGINE=InnoDB AUTO_INCREMENT=13 DEFAULT CHARSET=utf8mb4 COLLATE=utf8mb4_0900_ai_ci;
/*!40101 SET character_set_client = @saved_cs_client */;

--
-- Dumping data for table `personal_univ`
--

LOCK TABLES `personal_univ` WRITE;
/*!40000 ALTER TABLE `personal_univ` DISABLE KEYS */;
INSERT INTO `personal_univ` VALUES (37.3264,45.7786,1001,1,'2025-02-20 17:47:27.646818'),(50,50,1002,2,'2025-02-20 17:48:55.759974'),(50,50,1003,3,'2025-02-20 17:49:09.128749'),(50,50,1004,4,'2025-02-20 17:51:14.910136'),(50,50,1005,5,'2025-02-20 17:53:42.183479'),(55.875,68.1818,1006,6,'2025-02-20 20:08:49.492890'),(63.3681,37.5235,1009,9,'2025-02-20 19:58:24.962401'),(40.2778,69.2308,1010,10,'2025-02-20 19:58:24.965205'),(36.4583,38.6492,1011,11,'2025-02-20 19:58:24.969080'),(82.4375,38.0129,1013,12,'2025-02-20 20:10:07.321077');
/*!40000 ALTER TABLE `personal_univ` ENABLE KEYS */;
UNLOCK TABLES;

--
-- Table structure for table `profile_image`
--

DROP TABLE IF EXISTS `profile_image`;
/*!40101 SET @saved_cs_client     = @@character_set_client */;
/*!50503 SET character_set_client = utf8mb4 */;
CREATE TABLE `profile_image` (
  `image_id` bigint NOT NULL AUTO_INCREMENT,
  `user_id` bigint NOT NULL,
  `save_file_path` varchar(255) NOT NULL,
  PRIMARY KEY (`image_id`),
  UNIQUE KEY `UK1m51rfssuj7hyuo2lteq4ubad` (`user_id`),
  CONSTRAINT `FK7c5ge678vgxydo2sepdmrj6ge` FOREIGN KEY (`user_id`) REFERENCES `user` (`user_id`)
) ENGINE=InnoDB AUTO_INCREMENT=2 DEFAULT CHARSET=utf8mb4 COLLATE=utf8mb4_0900_ai_ci;
/*!40101 SET character_set_client = @saved_cs_client */;

--
-- Dumping data for table `profile_image`
--

LOCK TABLES `profile_image` WRITE;
/*!40000 ALTER TABLE `profile_image` DISABLE KEYS */;
INSERT INTO `profile_image` VALUES (1,10,'https://starbooks.s3.ap-northeast-2.amazonaws.com/backend/9b1d3cd8-5623-403a-aed8-bc3cfceafb0d_chambyeoli.png');
/*!40000 ALTER TABLE `profile_image` ENABLE KEYS */;
UNLOCK TABLES;

--
-- Table structure for table `starline_coord`
--

DROP TABLE IF EXISTS `starline_coord`;
/*!40101 SET @saved_cs_client     = @@character_set_client */;
/*!50503 SET character_set_client = utf8mb4 */;
CREATE TABLE `starline_coord` (
  `month` int NOT NULL,
  `year` int NOT NULL,
  `endEmotionId` bigint NOT NULL,
  `starline_coord_id` bigint NOT NULL AUTO_INCREMENT,
  `startEmotionId` bigint NOT NULL,
  PRIMARY KEY (`starline_coord_id`)
) ENGINE=InnoDB AUTO_INCREMENT=4 DEFAULT CHARSET=utf8mb4 COLLATE=utf8mb4_0900_ai_ci;
/*!40101 SET character_set_client = @saved_cs_client */;

--
-- Dumping data for table `starline_coord`
--

LOCK TABLES `starline_coord` WRITE;
/*!40000 ALTER TABLE `starline_coord` DISABLE KEYS */;
INSERT INTO `starline_coord` VALUES (2,2025,1010,1,1009),(2,2025,1010,2,1011),(2,2025,1006,3,1013);
/*!40000 ALTER TABLE `starline_coord` ENABLE KEYS */;
UNLOCK TABLES;

--
-- Table structure for table `user`
--

DROP TABLE IF EXISTS `user`;
/*!40101 SET @saved_cs_client     = @@character_set_client */;
/*!50503 SET character_set_client = utf8mb4 */;
CREATE TABLE `user` (
  `is_active` bit(1) NOT NULL,
  `sns_account` bit(1) NOT NULL,
  `created_at` datetime(6) NOT NULL,
  `updated_at` datetime(6) DEFAULT NULL,
  `user_id` bigint NOT NULL AUTO_INCREMENT,
  `email` varchar(255) NOT NULL,
  `nickname` varchar(255) NOT NULL,
  `password` varchar(255) DEFAULT NULL,
  `gender` enum('FEMALE','MALE','OTHER') NOT NULL,
  `role` enum('manager','member') NOT NULL,
  PRIMARY KEY (`user_id`),
  UNIQUE KEY `UKob8kqyqqgmefl0aco34akdtpe` (`email`)
) ENGINE=InnoDB AUTO_INCREMENT=12 DEFAULT CHARSET=utf8mb4 COLLATE=utf8mb4_0900_ai_ci;
/*!40101 SET character_set_client = @saved_cs_client */;

--
-- Dumping data for table `user`
--

LOCK TABLES `user` WRITE;
/*!40000 ALTER TABLE `user` DISABLE KEYS */;
INSERT INTO `user` VALUES (_binary '',_binary '','2025-02-20 17:29:15.014526','2025-02-20 17:29:15.014575',1,'hellopb8@gmail.com','',NULL,'OTHER','member'),(_binary '',_binary '\0','2025-02-20 17:44:38.566505','2025-02-20 17:44:38.567483',2,'asdf@naver.com','','$2a$10$zUcbIyZJMYtyJvewrtAoX.9uQ9xwkVSTIqojJ0CReHvKc.jxaP5Nm','MALE','member'),(_binary '',_binary '','2025-02-20 17:48:10.692003','2025-02-20 17:48:10.692014',3,'jooeun0807@gmail.com','',NULL,'OTHER','member'),(_binary '',_binary '','2025-02-20 17:50:30.207585','2025-02-20 17:50:30.207597',4,'ehdgus9370@gmail.com','',NULL,'OTHER','member'),(_binary '',_binary '\0','2025-02-20 17:53:14.301436','2025-02-20 17:53:14.301451',5,'ehdgus@ehdgus.com','','$2a$10$MRBc4fpmWIbIK9uA/RCuf.7XDs0uyiXc342nRiHdFrhFjZSSJmU9q','MALE','member'),(_binary '',_binary '\0','2025-02-20 17:57:42.342542','2025-02-20 17:57:42.342560',6,'user@example.com','star_use','$2a$10$9b5SVosNvJ9HWLF8OH0eZuyz575D2ssA5H1SHMszW7W237K1Bnhzu','MALE','member'),(_binary '',_binary '','2025-02-20 18:33:23.522854','2025-02-20 18:33:23.522864',7,'tjdals546@gmail.com','',NULL,'OTHER','member'),(_binary '',_binary '','2025-02-20 18:36:26.449703','2025-02-20 18:36:26.449713',8,'qkqh9779@gmail.com','',NULL,'OTHER','member'),(_binary '',_binary '\0','2025-02-20 18:40:30.102482','2025-02-20 18:40:30.102496',9,'bjy556@naver.com','','$2a$10$uhGnE3H.H5hAaDwEPC8lp.NLfkqJIZEFg0JnlPi4ofukfyuPLoEYq','MALE','member'),(_binary '',_binary '\0','2025-02-20 19:37:46.413628','2025-02-20 19:37:46.413642',10,'key@naver.com','','$2a$10$4DjJlrSthQrcgOI/0oQC9ebfaDnX93jYx1LfKdB2j81zIObuLxsoi','FEMALE','member'),(_binary '',_binary '\0','2025-02-20 19:51:54.902328','2025-02-20 19:51:54.902341',11,'user@user.com','','$2a$10$dZg6Qw0g6TNn9OgdER2FVOTiZav5dqJ789uEQBxeqCWW/5iR1GGNu','MALE','member');
/*!40000 ALTER TABLE `user` ENABLE KEYS */;
UNLOCK TABLES;
/*!40103 SET TIME_ZONE=@OLD_TIME_ZONE */;

/*!40101 SET SQL_MODE=@OLD_SQL_MODE */;
/*!40014 SET FOREIGN_KEY_CHECKS=@OLD_FOREIGN_KEY_CHECKS */;
/*!40014 SET UNIQUE_CHECKS=@OLD_UNIQUE_CHECKS */;
/*!40101 SET CHARACTER_SET_CLIENT=@OLD_CHARACTER_SET_CLIENT */;
/*!40101 SET CHARACTER_SET_RESULTS=@OLD_CHARACTER_SET_RESULTS */;
/*!40101 SET COLLATION_CONNECTION=@OLD_COLLATION_CONNECTION */;
/*!40111 SET SQL_NOTES=@OLD_SQL_NOTES */;

-- Dump completed on 2025-02-20 20:24:19
