{
  "v": "4.8.0",
  "meta": { "g": "LottieFiles AE 3.4.5", "a": "", "k": "", "d": "", "tc": "" },
  "fr": 30,
  "ip": 0,
  "op": 139,
  "w": 1080,
  "h": 1080,
  "nm": "Star load",
  "ddd": 0,
  "assets": [],
  "layers": [
    {
      "ddd": 0,
      "ind": 1,
      "ty": 4,
      "nm": "Layer 1 Outlines",
      "sr": 1,
      "ks": {
        "o": { "a": 0, "k": 100, "ix": 11 },
        "r": { "a": 0, "k": 0, "ix": 10 },
        "p": {
          "a": 1,
          "k": [
            {
              "i": { "x": 0.667, "y": 1 },
              "o": { "x": 0.333, "y": 0 },
              "t": 0,
              "s": [540, 540, 0],
              "to": [-26.54, 81.682, 0],
              "ti": [-42.943, -31.2, 0]
            },
            {
              "i": { "x": 0.667, "y": 1 },
              "o": { "x": 0.333, "y": 0 },
              "t": 24.2,
              "s": [380.76, 1030.09, 0],
              "to": [42.943, 31.2, 0],
              "ti": [16.403, 50.482, 0]
            },
            {
              "i": { "x": 0.667, "y": 1 },
              "o": { "x": 0.333, "y": 0 },
              "t": 48.4,
              "s": [797.655, 727.198, 0],
              "to": [-16.403, -50.482, 0],
              "ti": [16.403, -50.482, 0]
            },
            {
              "i": { "x": 0.667, "y": 1 },
              "o": { "x": 0.333, "y": 0 },
              "t": 72.6,
              "s": [282.345, 727.198, 0],
              "to": [-16.403, 50.482, 0],
              "ti": [-42.943, 31.2, 0]
            },
            {
              "i": { "x": 0.791, "y": 1 },
              "o": { "x": 0.219, "y": 0 },
              "t": 96.8,
              "s": [699.24, 1030.09, 0],
              "to": [42.943, -31.2, 0],
              "ti": [26.54, 81.682, 0]
            },
            { "t": 122, "s": [540, 540, 0] }
          ],
          "ix": 2
        },
        "a": { "a": 0, "k": [540, 540, 0], "ix": 1 },
        "s": { "a": 0, "k": [100, 100, 100], "ix": 6 }
      },
      "ao": 0,
      "shapes": [
        {
          "ty": "gr",
          "it": [
            {
              "ind": 0,
              "ty": "sh",
              "ix": 1,
              "ks": {
                "a": 0,
                "k": {
                  "i": [
                    [0, -27.614],
                    [27.614, 0],
                    [0, 27.614],
                    [-27.614, 0]
                  ],
                  "o": [
                    [0, 27.614],
                    [-27.614, 0],
                    [0, -27.614],
                    [27.614, 0]
                  ],
                  "v": [
                    [50, 0],
                    [0, 50],
                    [-50, 0],
                    [0, -50]
                  ],
                  "c": true
                },
                "ix": 2
              },
              "nm": "Path 1",
              "mn": "ADBE Vector Shape - Group",
              "hd": false
            },
            {
              "ty": "fl",
              "c": {
                "a": 0,
                "k": [0.289999988032, 0.352999997606, 0.654999976065, 1],
                "ix": 4
              },
              "o": { "a": 0, "k": 100, "ix": 5 },
              "r": 1,
              "bm": 0,
              "nm": "Fill 1",
              "mn": "ADBE Vector Graphic - Fill",
              "hd": false
            },
            {
              "ty": "tr",
              "p": { "a": 0, "k": [540, 269.085], "ix": 2 },
              "a": { "a": 0, "k": [0, 0], "ix": 1 },
              "s": { "a": 0, "k": [100, 100], "ix": 3 },
              "r": { "a": 0, "k": 0, "ix": 6 },
              "o": { "a": 0, "k": 100, "ix": 7 },
              "sk": { "a": 0, "k": 0, "ix": 4 },
              "sa": { "a": 0, "k": 0, "ix": 5 },
              "nm": "Transform"
            }
          ],
          "nm": "Group 1",
          "np": 2,
          "cix": 2,
          "bm": 0,
          "ix": 1,
          "mn": "ADBE Vector Group",
          "hd": false
        }
      ],
      "ip": 0,
      "op": 450,
      "st": 0,
      "bm": 0
    },
    {
      "ddd": 0,
      "ind": 2,
      "ty": 4,
      "nm": "Layer 2 Outlines",
      "sr": 1,
      "ks": {
        "o": { "a": 0, "k": 100, "ix": 11 },
        "r": { "a": 0, "k": 0, "ix": 10 },
        "p": {
          "a": 1,
          "k": [
            {
              "i": { "x": 0.667, "y": 1 },
              "o": { "x": 0.333, "y": 0 },
              "t": 0,
              "s": [540, 540, 0],
              "to": [69.483, 50.482, 0],
              "ti": [-42.943, 31.2, 0]
            },
            {
              "i": { "x": 0.667, "y": 1 },
              "o": { "x": 0.333, "y": 0 },
              "t": 24.2,
              "s": [956.895, 842.892, 0],
              "to": [42.943, -31.2, 0],
              "ti": [53.08, 0, 0]
            },
            {
              "i": { "x": 0.667, "y": 1 },
              "o": { "x": 0.333, "y": 0 },
              "t": 48.4,
              "s": [797.655, 352.802, 0],
              "to": [-53.08, 0, 0],
              "ti": [-42.943, -31.2, 0]
            },
            {
              "i": { "x": 0.667, "y": 1 },
              "o": { "x": 0.333, "y": 0 },
              "t": 72.6,
              "s": [638.416, 842.892, 0],
              "to": [42.943, 31.2, 0],
              "ti": [16.403, 50.482, 0]
            },
            {
              "i": { "x": 0.791, "y": 1 },
              "o": { "x": 0.219, "y": 0 },
              "t": 96.8,
              "s": [1055.311, 540, 0],
              "to": [-16.403, -50.482, 0],
              "ti": [85.885, 0, 0]
            },
            { "t": 122, "s": [540, 540, 0] }
          ],
          "ix": 2
        },
        "a": { "a": 0, "k": [540, 540, 0], "ix": 1 },
        "s": { "a": 0, "k": [100, 100, 100], "ix": 6 }
      },
      "ao": 0,
      "shapes": [
        {
          "ty": "gr",
          "it": [
            {
              "ind": 0,
              "ty": "sh",
              "ix": 1,
              "ks": {
                "a": 0,
                "k": {
                  "i": [
                    [0, -27.614],
                    [27.614, 0],
                    [0, 27.614],
                    [-27.614, 0]
                  ],
                  "o": [
                    [0, 27.614],
                    [-27.614, 0],
                    [0, -27.614],
                    [27.614, 0]
                  ],
                  "v": [
                    [50, 0],
                    [0, 50],
                    [-50, 0],
                    [0, -50]
                  ],
                  "c": true
                },
                "ix": 2
              },
              "nm": "Path 1",
              "mn": "ADBE Vector Shape - Group",
              "hd": false
            },
            {
              "ty": "fl",
              "c": {
                "a": 0,
                "k": [0.941000007181, 0.356999984442, 0.258999992819, 1],
                "ix": 4
              },
              "o": { "a": 0, "k": 100, "ix": 5 },
              "r": 1,
              "bm": 0,
              "nm": "Fill 1",
              "mn": "ADBE Vector Graphic - Fill",
              "hd": false
            },
            {
              "ty": "tr",
              "p": { "a": 0, "k": [282.345, 456.283], "ix": 2 },
              "a": { "a": 0, "k": [0, 0], "ix": 1 },
              "s": { "a": 0, "k": [100, 100], "ix": 3 },
              "r": { "a": 0, "k": 0, "ix": 6 },
              "o": { "a": 0, "k": 100, "ix": 7 },
              "sk": { "a": 0, "k": 0, "ix": 4 },
              "sa": { "a": 0, "k": 0, "ix": 5 },
              "nm": "Transform"
            }
          ],
          "nm": "Group 1",
          "np": 2,
          "cix": 2,
          "bm": 0,
          "ix": 1,
          "mn": "ADBE Vector Group",
          "hd": false
        }
      ],
      "ip": 0,
      "op": 450,
      "st": 0,
      "bm": 0
    },
    {
      "ddd": 0,
      "ind": 3,
      "ty": 4,
      "nm": "Layer 3 Outlines",
      "sr": 1,
      "ks": {
        "o": { "a": 0, "k": 100, "ix": 11 },
        "r": { "a": 0, "k": 0, "ix": 10 },
        "p": {
          "a": 1,
          "k": [
            {
              "i": { "x": 0.667, "y": 1 },
              "o": { "x": 0.333, "y": 0 },
              "t": 0,
              "s": [540, 540, 0],
              "to": [69.482, -50.482, 0],
              "ti": [16.403, 50.482, 0]
            },
            {
              "i": { "x": 0.667, "y": 1 },
              "o": { "x": 0.333, "y": 0 },
              "t": 24.2,
              "s": [956.895, 237.108, 0],
              "to": [-16.403, -50.482, 0],
              "ti": [16.403, -50.482, 0]
            },
            {
              "i": { "x": 0.667, "y": 1 },
              "o": { "x": 0.333, "y": 0 },
              "t": 48.4,
              "s": [441.584, 237.108, 0],
              "to": [-16.403, 50.482, 0],
              "ti": [-42.943, 31.2, 0]
            },
            {
              "i": { "x": 0.667, "y": 1 },
              "o": { "x": 0.333, "y": 0 },
              "t": 72.6,
              "s": [858.48, 540, 0],
              "to": [42.943, -31.2, 0],
              "ti": [53.08, 0, 0]
            },
            {
              "i": { "x": 0.791, "y": 1 },
              "o": { "x": 0.219, "y": 0 },
              "t": 96.8,
              "s": [699.24, 49.91, 0],
              "to": [-53.08, 0, 0],
              "ti": [26.54, -81.682, 0]
            },
            { "t": 122, "s": [540, 540, 0] }
          ],
          "ix": 2
        },
        "a": { "a": 0, "k": [540, 540, 0], "ix": 1 },
        "s": { "a": 0, "k": [100, 100, 100], "ix": 6 }
      },
      "ao": 0,
      "shapes": [
        {
          "ty": "gr",
          "it": [
            {
              "ind": 0,
              "ty": "sh",
              "ix": 1,
              "ks": {
                "a": 0,
                "k": {
                  "i": [
                    [0, -27.614],
                    [27.614, 0],
                    [0, 27.614],
                    [-27.614, 0]
                  ],
                  "o": [
                    [0, 27.614],
                    [-27.614, 0],
                    [0, -27.614],
                    [27.614, 0]
                  ],
                  "v": [
                    [50, 0],
                    [0, 50],
                    [-50, 0],
                    [0, -50]
                  ],
                  "c": true
                },
                "ix": 2
              },
              "nm": "Path 1",
              "mn": "ADBE Vector Shape - Group",
              "hd": false
            },
            {
              "ty": "fl",
              "c": {
                "a": 0,
                "k": [1, 0.976000019148, 0.842999985639, 1],
                "ix": 4
              },
              "o": { "a": 0, "k": 100, "ix": 5 },
              "r": 1,
              "bm": 0,
              "nm": "Fill 1",
              "mn": "ADBE Vector Graphic - Fill",
              "hd": false
            },
            {
              "ty": "tr",
              "p": { "a": 0, "k": [380.76, 759.175], "ix": 2 },
              "a": { "a": 0, "k": [0, 0], "ix": 1 },
              "s": { "a": 0, "k": [100, 100], "ix": 3 },
              "r": { "a": 0, "k": 0, "ix": 6 },
              "o": { "a": 0, "k": 100, "ix": 7 },
              "sk": { "a": 0, "k": 0, "ix": 4 },
              "sa": { "a": 0, "k": 0, "ix": 5 },
              "nm": "Transform"
            }
          ],
          "nm": "Group 1",
          "np": 2,
          "cix": 2,
          "bm": 0,
          "ix": 1,
          "mn": "ADBE Vector Group",
          "hd": false
        }
      ],
      "ip": 0,
      "op": 450,
      "st": 0,
      "bm": 0
    },
    {
      "ddd": 0,
      "ind": 4,
      "ty": 4,
      "nm": "Layer 4 Outlines",
      "sr": 1,
      "ks": {
        "o": { "a": 0, "k": 100, "ix": 11 },
        "r": { "a": 0, "k": 0, "ix": 10 },
        "p": {
          "a": 1,
          "k": [
            {
              "i": { "x": 0.667, "y": 1 },
              "o": { "x": 0.333, "y": 0 },
              "t": 0,
              "s": [540, 540, 0],
              "to": [-26.54, -81.682, 0],
              "ti": [53.08, 0, 0]
            },
            {
              "i": { "x": 0.667, "y": 1 },
              "o": { "x": 0.333, "y": 0 },
              "t": 24.2,
              "s": [380.76, 49.91, 0],
              "to": [-53.08, 0, 0],
              "ti": [-42.943, -31.2, 0]
            },
            {
              "i": { "x": 0.667, "y": 1 },
              "o": { "x": 0.333, "y": 0 },
              "t": 48.4,
              "s": [221.52, 540, 0],
              "to": [42.943, 31.2, 0],
              "ti": [16.403, 50.482, 0]
            },
            {
              "i": { "x": 0.667, "y": 1 },
              "o": { "x": 0.333, "y": 0 },
              "t": 72.6,
              "s": [638.415, 237.108, 0],
              "to": [-16.403, -50.482, 0],
              "ti": [16.403, -50.482, 0]
            },
            {
              "i": { "x": 0.791, "y": 1 },
              "o": { "x": 0.219, "y": 0 },
              "t": 96.8,
              "s": [123.105, 237.108, 0],
              "to": [-16.403, 50.482, 0],
              "ti": [-69.483, -50.482, 0]
            },
            { "t": 122, "s": [540, 540, 0] }
          ],
          "ix": 2
        },
        "a": { "a": 0, "k": [540, 540, 0], "ix": 1 },
        "s": { "a": 0, "k": [100, 100, 100], "ix": 6 }
      },
      "ao": 0,
      "shapes": [
        {
          "ty": "gr",
          "it": [
            {
              "ind": 0,
              "ty": "sh",
              "ix": 1,
              "ks": {
                "a": 0,
                "k": {
                  "i": [
                    [0, -27.614],
                    [27.614, 0],
                    [0, 27.614],
                    [-27.614, 0]
                  ],
                  "o": [
                    [0, 27.614],
                    [-27.614, 0],
                    [0, -27.614],
                    [27.614, 0]
                  ],
                  "v": [
                    [50, 0],
                    [0, 50],
                    [-50, 0],
                    [0, -50]
                  ],
                  "c": true
                },
                "ix": 2
              },
              "nm": "Path 1",
              "mn": "ADBE Vector Shape - Group",
              "hd": false
            },
            {
              "ty": "fl",
              "c": {
                "a": 0,
                "k": [0.317999985639, 0.685999971278, 0.395999983245, 1],
                "ix": 4
              },
              "o": { "a": 0, "k": 100, "ix": 5 },
              "r": 1,
              "bm": 0,
              "nm": "Fill 1",
              "mn": "ADBE Vector Graphic - Fill",
              "hd": false
            },
            {
              "ty": "tr",
              "p": { "a": 0, "k": [699.24, 759.175], "ix": 2 },
              "a": { "a": 0, "k": [0, 0], "ix": 1 },
              "s": { "a": 0, "k": [100, 100], "ix": 3 },
              "r": { "a": 0, "k": 0, "ix": 6 },
              "o": { "a": 0, "k": 100, "ix": 7 },
              "sk": { "a": 0, "k": 0, "ix": 4 },
              "sa": { "a": 0, "k": 0, "ix": 5 },
              "nm": "Transform"
            }
          ],
          "nm": "Group 1",
          "np": 2,
          "cix": 2,
          "bm": 0,
          "ix": 1,
          "mn": "ADBE Vector Group",
          "hd": false
        }
      ],
      "ip": 0,
      "op": 450,
      "st": 0,
      "bm": 0
    },
    {
      "ddd": 0,
      "ind": 5,
      "ty": 4,
      "nm": "Layer 5 Outlines",
      "sr": 1,
      "ks": {
        "o": { "a": 0, "k": 100, "ix": 11 },
        "r": { "a": 0, "k": 0, "ix": 10 },
        "p": {
          "a": 1,
          "k": [
            {
              "i": { "x": 0.667, "y": 1 },
              "o": { "x": 0.333, "y": 0 },
              "t": 0,
              "s": [540, 540, 0],
              "to": [-85.885, 0, 0],
              "ti": [16.403, -50.482, 0]
            },
            {
              "i": { "x": 0.667, "y": 1 },
              "o": { "x": 0.333, "y": 0 },
              "t": 24.2,
              "s": [24.689, 540, 0],
              "to": [-16.403, 50.482, 0],
              "ti": [-42.943, 31.2, 0]
            },
            {
              "i": { "x": 0.667, "y": 1 },
              "o": { "x": 0.333, "y": 0 },
              "t": 48.4,
              "s": [441.585, 842.892, 0],
              "to": [42.943, -31.2, 0],
              "ti": [53.08, 0, 0]
            },
            {
              "i": { "x": 0.667, "y": 1 },
              "o": { "x": 0.333, "y": 0 },
              "t": 72.6,
              "s": [282.345, 352.802, 0],
              "to": [-53.08, 0, 0],
              "ti": [-42.943, -31.2, 0]
            },
            {
              "i": { "x": 0.791, "y": 1 },
              "o": { "x": 0.219, "y": 0 },
              "t": 96.8,
              "s": [123.105, 842.892, 0],
              "to": [42.943, 31.2, 0],
              "ti": [-69.482, 50.482, 0]
            },
            { "t": 122, "s": [540, 540, 0] }
          ],
          "ix": 2
        },
        "a": { "a": 0, "k": [540, 540, 0], "ix": 1 },
        "s": { "a": 0, "k": [100, 100, 100], "ix": 6 }
      },
      "ao": 0,
      "shapes": [
        {
          "ty": "gr",
          "it": [
            {
              "ind": 0,
              "ty": "sh",
              "ix": 1,
              "ks": {
                "a": 0,
                "k": {
                  "i": [
                    [0, -27.614],
                    [27.614, 0],
                    [0, 27.614],
                    [-27.614, 0]
                  ],
                  "o": [
                    [0, 27.614],
                    [-27.614, 0],
                    [0, -27.614],
                    [27.614, 0]
                  ],
                  "v": [
                    [50, 0],
                    [0, 50],
                    [-50, 0],
                    [0, -50]
                  ],
                  "c": true
                },
                "ix": 2
              },
              "nm": "Path 1",
              "mn": "ADBE Vector Shape - Group",
              "hd": false
            },
            {
              "ty": "fl",
              "c": {
                "a": 0,
                "k": [0.569000004787, 0.375999989229, 0.654999976065, 1],
                "ix": 4
              },
              "o": { "a": 0, "k": 100, "ix": 5 },
              "r": 1,
              "bm": 0,
              "nm": "Fill 1",
              "mn": "ADBE Vector Graphic - Fill",
              "hd": false
            },
            {
              "ty": "tr",
              "p": { "a": 0, "k": [797.655, 456.283], "ix": 2 },
              "a": { "a": 0, "k": [0, 0], "ix": 1 },
              "s": { "a": 0, "k": [100, 100], "ix": 3 },
              "r": { "a": 0, "k": 0, "ix": 6 },
              "o": { "a": 0, "k": 100, "ix": 7 },
              "sk": { "a": 0, "k": 0, "ix": 4 },
              "sa": { "a": 0, "k": 0, "ix": 5 },
              "nm": "Transform"
            }
          ],
          "nm": "Group 1",
          "np": 2,
          "cix": 2,
          "bm": 0,
          "ix": 1,
          "mn": "ADBE Vector Group",
          "hd": false
        }
      ],
      "ip": 0,
      "op": 450,
      "st": 0,
      "bm": 0
    }
  ],
  "markers": []
}
